Rk,Player,Age,Team,Pos,G,GS,Int,Yds,IntTD,Lng,PD,FF,Fmb,FR,Yds,FRTD,Sk,Comb,Solo,Ast,TFL,QBHits,Sfty,Awards,-9999
252,BJ Thompson,24,KAN,DE,1,0,0,0,0,0,0,0,0,0,0,0,0.0,2,2,0,0,0,0,,ThomBJ00
253,Jason Pierre-Paul,34,NOR,DE,1,0,0,0,0,0,0,0,0,0,0,0,0.0,2,1,1,0,0,0,,PierJa99
254,Mike Morris,22,SEA,DE,1,0,0,0,0,0,0,0,0,0,0,0,0.0,3,2,1,0,0,0,,MorrMi00
255,Michael Dogbe,27,HOU,DE,1,0,0,0,0,0,0,0,0,0,0,0,0.0,1,0,1,0,0,0,,DogbMi00
256,Kendal Vickers,28,BUF,DE,2,0,0,0,0,0,0,0,0,0,0,0,0.0,2,1,1,0,0,0,,VickKe00
257,Payton Turner,24,NOR,DE,2,0,0,0,0,0,0,0,0,1,0,0,0.0,1,0,1,0,2,0,,TurnPa02
258,Sam Kamara,26,CLE,DE,2,0,0,0,0,0,0,0,0,0,0,0,0.0,7,4,3,1,0,0,,KamaSa00
259,Eric Banks,25,ARI,DE,2,0,0,0,0,0,0,0,0,0,0,0,0.0,2,2,0,0,0,0,,BankEr00
260,Chase Winovich,28,MIA,DE,3,0,0,0,0,0,0,0,0,0,0,0,0.0,2,1,1,0,0,0,,WinoCh00
261,Isaiah McGuire,22,CLE,DE,4,1,0,0,0,0,0,0,0,0,0,0,1.0,6,5,1,2,2,0,,McGuIs00
262,Chris Wormley,30,CAR,DE,5,0,0,0,0,0,0,0,0,0,0,0,0.0,4,1,3,0,0,0,,WormCh00
263,Kyle Phillips,26,NOR,DE,5,0,0,0,0,0,0,0,0,0,0,0,0.0,3,1,2,0,0,0,,PhilKy00
264,Efe Obada,31,WAS,DE,5,0,0,0,0,0,0,0,0,0,0,0,0.0,2,1,1,0,0,0,,ObadEf00
265,Jalen Harris,24,WAS,DE,5,0,0,0,0,0,1,0,0,0,0,0,0.0,6,5,1,0,1,0,,HarrJa04
266,Carl Lawson,28,NYJ,DE,6,0,0,0,0,0,0,0,0,0,0,0,0.0,5,2,3,0,0,0,,LawsCa00
267,Kerry Hyder,32,2TM,DE,6,0,0,0,0,0,0,0,0,0,0,0,1.0,3,3,0,2,1,0,,HydeKe01
268,Janarius Robinson,24,LVR,DE,6,2,0,0,0,0,0,0,0,0,0,0,1.0,8,5,3,1,2,0,,RobiJa04
269,Myjai Sanders,25,HOU,DE,7,0,0,0,0,0,0,0,0,0,0,0,0.0,7,4,3,1,2,0,,SandMy00
270,Joshua Pryor,24,WAS,DE,7,0,0,0,0,0,0,0,0,0,0,0,0.0,1,1,0,0,0,0,,PryoJo00
271,Earnest Brown IV,24,LAR,DE,7,0,0,0,0,0,0,0,0,0,0,0,0.0,5,2,3,0,0,0,,BrowEa00
272,Malik Herring,26,KAN,DE,7,1,0,0,0,0,1,1,0,0,0,0,1.5,10,7,3,2,3,0,,HerrMa02
273,TK McLendon,23,TEN,DE,7,2,0,0,0,0,0,0,0,1,0,0,0.0,8,3,5,0,0,0,,McLeTK00
274,Frank Clark,30,2TM,DE,8,0,0,0,0,0,0,0,0,0,0,0,0.0,8,4,4,0,0,0,,ClarFr01
275,Isaac Rochell,28,LVR,DE,8,1,0,0,0,0,0,0,0,0,0,0,0.0,10,7,3,2,0,0,,RochIs00
276,Dylan Horton,23,HOU,DE,10,0,0,0,0,0,0,0,0,1,0,0,0.0,13,8,5,1,2,0,,HortDy00
277,Isaiah Foskey,23,NOR,DE,10,0,0,0,0,0,1,0,0,0,0,0,0.0,9,5,4,0,0,0,,FoskIs00
278,Adetomiwa Adebawore,22,IND,DE,10,0,0,0,0,0,0,0,0,0,0,0,1.5,5,4,1,1,4,0,,AdebAd00
279,K.J. Henry,24,WAS,DE,10,3,0,0,0,0,2,0,0,0,0,0,1.5,19,14,5,4,2,0,,HenrKJ00
280,Desjuan Johnson,24,LAR,DE,11,0,0,0,0,0,0,1,0,0,0,0,2.0,9,5,4,2,2,0,,JohnDe08
281,Charles Omenihu,26,KAN,DE,11,1,0,0,0,0,2,2,0,0,0,0,7.0,28,18,10,5,11,0,,OmenCh00
282,Tyrus Wheat,24,DAL,DE,12,0,0,0,0,0,0,0,0,0,0,0,0.0,3,2,1,0,0,0,,WheaTy02
283,DeMarvin Leal,23,PIT,DE,12,4,0,0,0,0,1,0,0,0,0,0,1.0,15,10,5,2,2,0,,LealDe00
284,Yetur Gross-Matos,25,CAR,DE,12,6,0,0,0,0,0,0,0,0,0,0,4.5,36,19,17,7,10,0,,GrosYe00
285,Kingsley Jonathan,25,BUF,DE,13,0,0,0,0,0,0,0,0,0,0,0,0.0,5,3,2,0,2,0,,JonaKi00
286,James Smith-Williams,26,WAS,DE,13,7,0,0,0,0,0,0,0,0,0,0,1.0,22,11,11,2,8,0,,SmitJa08
287,Joseph Ossai,23,CIN,DE,14,0,0,0,0,0,1,0,0,0,0,0,1.0,10,6,4,1,7,0,,OssaJo00
288,Ogbonnia Okoronkwo,28,CLE,DE,14,0,0,0,0,0,1,0,0,1,0,0,4.5,31,22,9,12,8,0,,OkorOg00
289,Andre Jones,25,WAS,DE,14,2,0,0,0,0,3,0,0,0,0,0,0.0,4,1,3,0,0,0,,JoneAn02
290,Derek Barnett,27,2TM,DE,14,4,0,0,0,0,1,0,0,0,0,0,2.5,22,12,10,9,11,0,,BarnDe01
291,Tyler Lacy,24,JAX,DE,15,0,0,0,0,0,1,0,0,0,0,0,0.0,12,5,7,1,3,0,,LacyTy00
292,A.J. Epenesa,25,BUF,DE,15,1,2,38,1,32,8,1,0,1,0,0,6.5,20,9,11,7,10,0,,EpenAJ00
293,Mario Edwards,29,SEA,DE,15,1,0,0,0,0,1,1,0,0,0,0,2.0,21,15,6,5,6,0,,EdwaMa01
294,Will Anderson,22,HOU,DE,15,13,0,0,0,0,1,0,0,0,0,0,7.0,45,29,16,10,22,0,PBAP DRoY-1,AndeWi01
295,Sam Hubbard,28,CIN,DE,15,15,0,0,0,0,0,0,0,2,0,0,6.0,58,38,20,7,17,0,,HubbSa00
296,Alex Wright,23,CLE,DE,16,1,0,0,0,0,2,2,0,1,0,0,5.0,25,16,9,6,5,0,,WrigAl01
297,Shaq Lawson,29,BUF,DE,16,1,0,0,0,0,0,0,0,0,0,0,1.0,13,7,6,2,7,0,,LawsSh00
298,Keion White,24,NWE,DE,16,4,0,0,0,0,3,0,0,0,0,0,1.0,26,12,14,3,5,0,,WhitKe03
299,Casey Toohill,27,WAS,DE,16,8,0,0,0,0,1,0,0,1,0,0,5.0,26,17,9,6,7,0,,ToohCa00
300,Za'Darius Smith,31,CLE,DE,16,16,0,0,0,0,3,1,0,0,0,0,5.5,27,18,9,8,20,0,,SmitZa00
301,Gregory Rousseau,23,BUF,DE,16,16,0,0,0,0,4,1,0,1,0,0,5.0,42,30,12,12,18,0,,RousGr00
302,Jarran Reed,31,SEA,DE,16,16,0,0,0,0,2,1,0,1,0,0,7.0,54,27,27,7,12,0,,ReedJa02
303,Kwity Paye,25,IND,DE,16,16,0,0,0,0,0,2,0,2,-5,0,8.5,52,31,21,8,9,0,,PayeKw00
304,George Karlaftis III,22,KAN,DE,16,16,0,0,0,0,3,1,0,0,0,0,10.5,47,29,18,7,17,0,,KarlGe00
305,Myles Garrett,28,CLE,DE,16,16,0,0,0,0,3,4,0,1,1,0,14.0,42,33,9,17,30,0,PBAP-1AP MVP-10AP DPoY-1,GarrMy00
306,Michael Danna,26,KAN,DE,16,16,0,0,0,0,3,0,0,0,0,0,6.5,50,32,18,7,13,0,,DannMi00
307,Tyree Wilson,23,LVR,DE,17,0,0,0,0,0,0,1,0,1,0,0,3.5,29,16,13,2,8,0,,WilsTy01
308,Sam Williams,24,DAL,DE,17,0,0,0,0,0,0,1,0,0,0,0,4.5,26,15,11,5,7,1,,WillSa00
309,Nick Thurman,28,CAR,DE,17,0,0,0,0,0,0,0,0,0,0,0,0.0,31,13,18,2,1,0,,ThurNi00
310,Myles Murphy,21,CIN,DE,17,0,0,0,0,0,0,0,0,0,0,0,3.0,20,10,10,3,3,0,,MurpMy00
311,Jacob Martin,28,IND,DE,17,0,0,0,0,0,0,0,0,0,0,0,2.0,7,5,2,1,3,0,,MartJa02
312,Tyquan Lewis,28,IND,DE,17,0,0,0,0,0,3,0,0,0,0,0,4.0,25,18,7,9,13,0,,LewiTy00
313,Tanoh Kpassagnon,29,NOR,DE,17,0,0,0,0,0,2,0,0,0,0,0,3.5,19,12,7,4,9,0,,KpasTa00
314,Matt Henningsen,24,DEN,DE,17,0,0,0,0,0,2,0,0,0,0,0,0.0,19,10,9,0,1,0,,HennMa01
315,Brandon Graham,35,PHI,DE,17,0,0,0,0,0,1,0,0,0,0,0,3.0,16,11,5,4,6,0,,GrahBr99
316,Dante Fowler,29,DAL,DE,17,0,0,0,0,0,3,1,0,0,0,0,4.0,13,8,5,5,7,0,,FowlDa00
317,Felix Anudike-Uzomah,21,KAN,DE,17,0,0,0,0,0,0,1,0,0,0,0,0.5,14,8,6,2,7,0,,AnudFe00
318,Adrian Phillips,31,NWE,DE,17,1,0,0,0,0,0,0,0,0,0,0,0.0,17,10,7,0,0,0,,PhilAd00
319,Dayo Odeyingbo,24,IND,DE,17,1,0,0,0,0,2,2,0,2,0,0,8.0,38,22,16,9,17,0,,OdeyDa00
320,Dorance Armstrong Jr.,26,DAL,DE,17,1,0,0,0,0,1,0,0,0,0,0,7.5,38,20,18,7,12,0,,ArmsDo00
321,Cameron Sample,24,CIN,DE,17,2,0,0,0,0,1,0,0,0,0,0,1.5,29,18,11,1,8,0,,SampCa00
322,Jerry Hughes,35,HOU,DE,17,2,0,0,0,0,0,1,0,0,0,0,3.0,32,23,9,4,3,0,,HughJe99
323,Brent Urban,32,BAL,DE,17,3,0,0,0,0,2,0,0,1,0,0,3.0,22,16,6,5,6,0,,UrbaBr00
324,Chauncey Golston,25,DAL,DE,17,3,0,0,0,0,0,1,0,0,0,0,1.5,25,11,14,1,3,0,,GolsCh00
325,Malcolm Koonce,25,LVR,DE,17,11,0,0,0,0,0,3,0,0,0,0,8.0,43,32,11,9,17,0,,KoonMa00
326,Jonah Williams,28,LAR,DE,17,16,0,0,0,0,1,0,0,0,0,0,2.0,49,20,29,4,4,0,,WillJo16
327,Dre'Mont Jones,26,SEA,DE,17,16,0,0,0,0,0,0,0,0,0,0,4.5,49,26,23,5,12,0,,JoneDr00
328,Josh Sweat,26,PHI,DE,17,17,0,0,0,0,1,2,0,0,0,0,6.5,43,30,13,7,23,0,,SweaJo00
329,DeMarcus Lawrence,31,DAL,DE,17,17,0,0,0,0,6,1,0,0,0,0,4.0,50,29,21,10,8,0,PB,LawrDe00
330,Cameron Jordan,34,NOR,DE,17,17,0,0,0,0,3,0,0,1,0,0,2.0,43,20,23,3,6,0,,JordCa00
331,Trey Hendrickson,29,CIN,DE,17,17,0,0,0,0,3,3,0,0,0,0,17.5,43,28,15,16,25,0,PB,HendTr00
332,Carl Granderson,27,NOR,DE,17,17,0,0,0,0,1,1,0,1,0,0,8.5,78,44,34,14,20,0,,GranCa01
333,Samson Ebukam,28,IND,DE,17,17,0,0,0,0,1,3,0,0,0,0,9.5,57,39,18,10,17,0,,EbukSa00
334,Maxx Crosby,26,LVR,DE,17,17,0,0,0,0,2,2,0,1,0,0,14.5,90,55,35,23,31,0,PBAP-2AP DPoY-4,CrosMa00
335,Zach Allen,26,DEN,DE,17,17,0,0,0,0,1,1,0,0,0,0,5.0,60,27,33,8,24,0,,AlleZa01
336,Khalid Kareem,25,CHI,DL,1,0,0,0,0,0,1,0,0,0,0,0,0.0,1,1,0,0,0,0,,KareKh00
337,L.J. Collier,28,ARI,DL,1,1,0,0,0,0,0,0,0,0,0,0,0.0,2,2,0,0,0,0,,CollLJ00
338,T.J. Smith,26,MIN,DL,2,0,0,0,0,0,0,0,0,0,0,0,0.0,4,1,3,0,0,0,,SmitTJ00
339,T.Y. McGill,31,SFO,DL,2,0,0,0,0,0,0,1,0,0,0,0,0.0,2,1,1,0,1,0,,McGiT.00
340,Bruce Hector,29,NYJ,DL,2,0,0,0,0,0,0,0,0,0,0,0,0.0,4,2,2,1,0,0,,HectBr00
341,Joe Gaziano,27,ATL,DL,2,0,0,0,0,0,0,0,0,0,0,0,0.0,2,1,1,0,0,0,,GaziJo01
342,Austin Bryant,27,SFO,DL,2,0,0,0,0,0,0,0,0,0,0,0,0.0,1,0,1,0,0,0,,BryaAu00
343,Tyson Alualu,36,DET,DL,2,1,0,0,0,0,0,0,0,0,0,0,0.0,4,3,1,0,0,0,,AluaTy99
344,Brodric Martin,24,DET,DL,3,0,0,0,0,0,0,0,0,0,0,0,0.0,3,1,2,0,0,0,,MartBr00
345,Timmy Horne,26,ATL,DL,3,0,0,0,0,0,1,0,0,0,0,0,0.0,4,0,4,0,0,0,,HornTi00
346,Christopher Hinton,23,LAC,DL,3,0,0,0,0,0,0,0,0,0,0,0,0.0,10,4,6,0,0,0,,HintCh01
347,Elijah Garcia,25,DEN,DL,3,0,0,0,0,0,0,1,0,0,0,0,1.0,4,1,3,0,1,0,,GarcEl00
348,Neil Farrell,25,KAN,DL,3,0,0,0,0,0,1,0,0,0,0,0,0.0,1,1,0,1,0,0,,FarrNe00
349,Daniel Ekuale,29,NWE,DL,3,0,0,0,0,0,0,1,0,0,0,0,0.0,3,2,1,0,0,0,,EkuaDa00
350,Kalia Davis,25,SFO,DL,3,0,0,0,0,0,0,0,0,0,0,0,1.0,1,1,0,1,1,0,,DaviKa01
351,Tanzel Smart,29,NYJ,DL,4,0,0,0,0,0,0,0,0,0,0,0,0.0,2,1,1,0,0,0,,SmarTa00
352,Robert Beal,24,SFO,DL,4,0,0,0,0,0,0,0,0,0,0,0,1.0,5,2,3,1,1,0,,BealRo00
353,Marcus Davenport,27,MIN,DL,4,3,0,0,0,0,0,0,0,0,0,0,2.0,7,3,4,2,4,0,,DaveMa00
354,Ben Stille,26,ARI,DL,5,0,0,0,0,0,0,0,0,0,0,0,1.0,8,6,2,0,1,0,,StilBe00
355,Jalyn Holmes,27,NYJ,DL,5,0,0,0,0,0,0,0,0,0,0,0,1.0,5,3,2,1,1,0,,HolmJa01
356,Marlon Davidson,25,TEN,DL,5,3,0,0,0,0,0,0,0,0,0,0,1.0,10,6,4,2,1,0,,DaviMa01
357,Al Woods,36,NYJ,DL,6,0,0,0,0,0,0,0,0,0,0,0,1.0,6,4,2,2,2,0,,WoodAl99
358,Sheldon Day,29,MIN,DL,6,1,0,0,0,0,0,0,0,1,5,0,0.0,8,3,5,1,0,0,,DayxSh00
359,LaCale London,26,ATL,DL,7,0,0,0,0,0,0,0,0,1,0,0,0.0,13,6,7,2,0,0,,LondLa00
360,Abdullah Anderson,27,WAS,DL,7,0,0,0,0,0,0,0,0,1,0,0,0.5,8,5,3,1,1,0,,AndeAb00
361,Sam Roberts,25,NWE,DL,7,1,0,0,0,0,0,0,0,0,0,0,0.0,5,2,3,0,0,0,,RobeSa00
362,Jordon Riley,25,NYG,DL,8,0,0,0,0,0,0,0,0,0,0,0,0.0,8,4,4,1,0,0,,RileJo00
363,Drake Jackson,22,SFO,DL,8,0,0,0,0,0,1,0,0,0,0,0,3.0,7,4,3,2,3,0,,JackDr01
364,Grady Jarrett,30,ATL,DL,8,8,0,0,0,0,2,0,0,0,0,0,1.5,23,9,14,2,8,0,,JarrGr00
365,Dean Lowry,29,MIN,DL,9,4,0,0,0,0,1,0,0,1,0,0,0.0,14,4,10,0,0,0,,LowrDe00
366,Levi Onwuzurike,25,DET,DL,10,0,0,0,0,0,0,0,0,0,0,0,1.0,5,4,1,1,2,0,,OnwuLe00
367,Mike Greene,24,TAM,DL,10,2,0,0,0,0,0,0,0,0,0,0,0.0,6,2,4,0,0,0,,GreeMi01
368,Dominique Robinson,25,CHI,DL,11,0,0,0,0,0,1,0,0,0,0,0,0.5,12,5,7,1,1,0,,RobiDo00
369,Pat O'Connor,30,TAM,DL,11,0,0,0,0,0,0,0,0,0,0,0,0.0,4,2,2,2,0,1,,OConPa00
370,Malcolm Roach,25,NOR,DL,12,0,0,0,0,0,3,0,0,0,0,0,0.0,38,13,25,3,1,0,,RoacMa01
371,Jeremiah Pharms,27,NWE,DL,12,0,0,0,0,0,0,0,0,1,0,0,0.0,9,4,5,0,0,0,,PharJe00
372,Scott Matlock,23,LAC,DL,12,0,0,0,0,0,0,0,0,0,0,0,0.0,15,6,9,1,1,0,,MatlSc00
373,Jaquelin Roy,23,MIN,DL,12,1,0,0,0,0,0,0,0,0,0,0,0.0,8,3,5,1,1,0,,RoyxJa00
374,Josh Paschal,24,DET,DL,12,4,0,0,0,0,1,0,0,1,0,0,1.0,25,17,8,5,3,0,,PascJo00
375,Jonathan Ledbetter,26,ARI,DL,12,12,0,0,0,0,0,0,0,0,0,0,1.5,46,21,25,1,4,0,,LedbJo01
376,Charles Harris,28,DET,DL,13,3,0,0,0,0,0,0,0,0,0,0,1.5,13,10,3,2,5,0,,HarrCh03
377,Kentavius Street,27,2TM,DL,13,6,0,0,0,0,1,0,0,1,0,0,1.0,18,11,7,4,1,0,,StreKe00
378,Albert Huggins,26,ATL,DL,13,5,0,0,0,0,0,0,0,1,0,0,0.0,22,7,15,0,2,0,,HuggAl01
379,Yannick Ngakoue,28,CHI,DL,13,13,0,0,0,0,0,0,0,0,0,0,4.0,22,13,9,6,7,0,,NgakYa00
380,Alim McNeill,23,DET,DL,13,13,0,0,0,0,1,1,0,0,0,0,5.0,32,17,15,6,10,0,,McNeAl00
381,Khyiris Tonga,27,MIN,DL,14,2,0,0,0,0,0,0,0,0,0,0,0.0,15,9,6,1,2,0,,TongKh00
382,Nick Williams,33,LAC,DL,14,6,0,0,0,0,0,0,0,2,0,0,1.0,32,16,16,7,1,0,,WillNi01
383,David Onyemata,31,ATL,DL,14,14,0,0,0,0,3,2,0,0,0,0,4.0,50,25,25,6,16,0,,OnyeDa00
384,Calijah Kancey,22,TAM,DL,14,14,0,0,0,0,1,0,0,0,0,0,4.0,26,19,7,10,12,0,AP DRoY-10,KancCa00
385,Quinton Jefferson,30,NYJ,DL,14,14,0,0,0,0,0,1,0,1,-10,0,6.0,34,13,21,4,13,0,,JeffQu00
386,Will McDonald,24,NYJ,DL,15,0,0,0,0,0,0,1,0,1,0,0,3.0,14,9,5,4,5,0,,McDoWi00
387,Ta'Quon Graham,25,ATL,DL,15,2,0,0,0,0,0,1,0,0,0,0,1.0,23,6,17,1,2,0,,GrahTa00
388,D.J. Davidson,24,NYG,DL,15,2,0,0,0,0,2,0,0,0,0,0,0.5,13,6,7,1,1,0,,DaviDJ00
389,Romeo Okwara,28,DET,DL,16,0,0,0,0,0,2,1,0,0,0,0,2.0,9,3,6,1,5,0,,OkwaRo01
390,Zach Harrison,22,ATL,DL,16,0,0,0,0,0,1,0,0,0,0,0,3.0,33,18,15,4,5,0,,HarrZa00
391,William Gholston,32,TAM,DL,16,1,1,0,0,0,2,0,0,0,0,0,0.0,19,10,9,0,0,0,,GholWi00
392,Micheal Clemons,26,NYJ,DL,16,1,0,0,0,0,0,1,0,0,0,0,0.5,27,14,13,2,1,0,,ClemMi03
393,Rakeem Nunez-Roches,30,NYG,DL,16,4,0,0,0,0,1,0,0,0,0,0,0.5,26,14,12,1,1,0,,NuneRa00
394,Chase Young,24,2TM,DL,16,6,0,0,0,0,2,0,0,0,0,0,7.5,25,17,8,7,15,0,,YounCh04
395,Mike Purcell,32,DEN,DL,16,10,0,0,0,0,3,0,0,1,-1,0,0.0,25,11,14,1,5,0,,PurcMi00
396,John Cominsky,28,DET,DL,16,11,0,0,0,0,1,0,0,0,0,0,2.0,36,14,22,2,8,0,,ComiJo00
397,Deatrich Wise Jr.,29,NWE,DL,16,13,0,0,0,0,1,1,0,0,0,0,4.5,54,22,32,3,6,0,,WiseDe00
398,Logan Hall,23,TAM,DL,16,13,0,0,0,0,2,0,0,2,0,0,0.5,22,11,11,2,1,0,,HallLo00
399,Dexter Lawrence,26,NYG,DL,16,16,0,0,0,0,2,0,0,0,0,0,4.5,53,32,21,7,21,0,PBAP-2AP DPoY-9,LawrDe03
400,Javon Hargrave,30,SFO,DL,16,16,0,0,0,0,2,0,0,0,0,0,7.0,44,25,19,8,14,0,PB,HargJa00
401,Colby Wooden,23,GNB,DL,17,0,0,0,0,0,0,0,0,0,0,0,0.5,17,10,7,1,2,0,,WoodCo01
402,Zacch Pickens,23,CHI,DL,17,0,0,0,0,0,1,1,0,0,0,0,0.5,20,9,11,1,2,0,,PickZa00
403,Rasheem Green,26,CHI,DL,17,0,0,0,0,0,0,0,0,0,0,0,2.0,15,8,7,2,5,0,,GreeRa01
404,Karl Brooks,23,GNB,DL,17,0,0,0,0,0,4,1,0,2,0,0,4.0,20,12,8,6,5,0,,BrooKa00
405,Kevin Givens,26,SFO,DL,17,1,0,0,0,0,1,0,0,1,0,0,1.5,22,12,10,3,4,0,,GiveKe01
406,Gervon Dexter,22,CHI,DL,17,1,0,0,0,0,2,0,0,0,0,0,2.5,20,13,7,0,12,0,,DextGe00
407,Jeremiah Ledbetter,29,JAX,DL,17,2,0,0,0,0,1,0,0,1,0,0,0.0,24,7,17,1,1,0,,LedbJe00
408,Greg Gaines,27,TAM,DL,17,2,0,0,0,0,0,0,0,1,0,0,1.0,24,7,17,0,5,0,,GainGr00
409,Solomon Thomas,28,NYJ,DL,17,3,0,0,0,0,1,0,0,0,0,0,5.0,31,15,16,7,6,0,,ThomSo00
410,Morgan Fox,29,LAC,DL,17,4,0,0,0,0,0,0,0,0,0,0,5.5,15,11,4,5,10,0,,FoxxMo00
411,Devonte Wyatt,25,GNB,DL,17,5,0,0,0,0,0,0,0,1,0,0,5.5,36,18,18,6,11,0,,WyatDe00
412,Jonathan Harris,27,DEN,DL,17,5,0,0,0,0,0,0,0,0,0,0,1.0,43,26,17,4,4,0,,HarrJo05
413,Christian Barmore,24,NWE,DL,17,6,0,0,0,0,6,1,0,0,0,0,8.5,64,39,25,13,16,0,,BarmCh00
414,Adam Gotsis,31,JAX,DL,17,7,0,0,0,0,4,0,0,0,0,0,1.0,26,18,8,3,7,0,,GotsAd00
415,Montez Sweat,27,2TM,DL,17,17,0,0,0,0,4,3,0,0,0,0,12.5,57,38,19,14,25,0,PB,SweaMo00
416,Keeanu Benton,22,PIT,DL,17,9,0,0,0,0,2,2,0,0,0,0,1.0,36,16,20,1,8,0,,BentKe00
417,DeMarcus Walker,29,CHI,DL,17,12,0,0,0,0,0,0,0,0,0,0,3.5,30,17,13,9,16,0,,WalkDe03
418,A'Shawn Robinson,28,NYG,DL,17,13,0,0,0,0,2,0,0,0,0,0,0.0,62,34,28,6,1,0,,RobiAS00
419,Jonathan Bullard,30,MIN,DL,17,14,0,0,0,0,0,1,0,0,0,0,2.0,44,24,20,3,2,0,,BullJo00
420,Benito Jones,26,DET,DL,17,15,0,0,0,0,0,0,0,0,0,0,1.0,26,13,13,3,6,0,,JoneBe03
421,Quinnen Williams,26,NYJ,DL,17,17,1,6,0,6,3,1,0,1,0,0,5.5,62,39,23,11,20,1,PB,WillQu00
422,Tedarrell Slaton,26,GNB,DL,17,17,0,0,0,0,2,0,0,0,0,0,0.0,50,23,27,2,2,0,,SlatTe00
423,Roy Robertson-Harris,30,JAX,DL,17,17,0,0,0,0,1,0,0,0,0,0,3.5,34,16,18,3,11,0,,RobeRo00
424,Harrison Phillips,27,MIN,DL,17,17,0,0,0,0,2,0,0,0,0,0,3.0,92,44,48,2,6,0,,PhilHa00
425,Austin Johnson,29,LAC,DL,17,17,0,0,0,0,2,1,0,1,0,0,0.0,46,24,22,2,1,0,,JohnAu01
426,Aidan Hutchinson,23,DET,DL,17,17,1,6,0,6,7,3,0,2,0,0,11.5,51,36,15,14,33,0,PB,HutcAi00
427,Davon Godchaux,29,NWE,DL,17,17,0,0,0,0,0,0,0,1,0,0,0.0,56,24,32,2,1,0,,GodcDa00
428,John Franklin-Myers,27,NYJ,DL,17,17,0,0,0,0,3,0,0,0,0,0,3.5,33,15,18,6,14,0,,FranJo02
429,Clelin Ferrell,26,SFO,DL,17,17,0,0,0,0,1,1,0,1,0,0,3.5,28,15,13,6,13,0,,FerrCl00
430,Kenny Clark,28,GNB,DL,17,17,0,0,0,0,3,2,0,0,0,0,7.5,44,22,22,9,16,0,PB,ClarKe01
431,Calais Campbell,37,ATL,DL,17,17,0,0,0,0,1,1,0,1,0,0,6.5,56,32,24,10,17,1,,CampCa99
432,Nick Bosa,26,SFO,DL,17,17,0,0,0,0,4,2,0,1,-3,0,10.5,53,34,19,16,35,0,PB,BosaNi00
433,Andrew Billings,28,CHI,DL,17,17,0,0,0,0,0,0,0,0,0,0,0.0,27,12,15,3,2,0,,BillAn00
434,Perrion Winfrey,23,NYJ,DT,1,0,0,0,0,0,0,0,0,0,0,0,0.0,3,1,2,0,0,0,,WinfPe00
435,Benning Potoa'e,27,WAS,DT,1,0,0,0,0,0,0,0,0,0,0,0,0.0,1,0,1,0,0,0,,PotoBe00
436,Jack Heflin,25,NOR,DT,1,0,0,0,0,0,0,0,0,0,0,0,0.0,1,0,1,0,0,0,,HeflJa00
437,Marquise Copeland,26,LAR,DT,1,0,0,0,0,0,0,0,0,0,0,0,0.0,1,1,0,0,0,0,,CopeMa01
438,Eli Ankou,29,ATL,DT,1,0,0,0,0,0,0,0,0,0,0,0,0.0,1,0,1,0,0,0,,AnkoEl00
439,McTelvin Agim,26,IND,DT,1,0,0,0,0,0,0,0,0,0,0,0,0.0,2,0,2,0,1,0,,AgimMc00
440,Nesta Jade Silvera,23,LVR,DT,2,0,0,0,0,0,0,0,0,0,0,0,0.0,2,1,1,0,0,0,,JadeNe00
441,Matthew Butler,24,LVR,DT,2,0,0,0,0,0,0,0,0,0,0,0,0.0,1,0,1,0,0,0,,ButlMa02
442,Travis Bell,25,ATL,DT,2,0,0,0,0,0,0,0,0,0,0,0,0.0,2,2,0,0,0,0,,BellTr01
443,Carlos Watkins,30,ARI,DT,2,1,0,0,0,0,1,0,0,0,0,0,1.0,7,4,3,1,1,0,,WatkCa00
444,Mike Pennel,32,KAN,DT,3,0,0,0,0,0,0,0,0,0,0,0,0.0,4,2,2,1,0,0,,PennMi00
445,Ross Blacklock,25,TEN,DT,3,0,0,0,0,0,0,0,0,0,0,0,0.0,2,1,1,0,0,0,,BlacRo00
446,Hassan Ridgeway,29,HOU,DT,3,1,0,0,0,0,0,0,0,0,0,0,0.0,6,1,5,0,0,0,,RidgHa00
447,Brandon Pili,24,MIA,DT,4,0,0,0,0,0,0,0,0,0,0,0,0.0,2,1,1,0,0,0,,PiliBr00
448,PJ Mustipher,24,NOR,DT,4,0,0,0,0,0,0,0,0,0,0,0,0.0,4,1,3,0,0,0,,MustPJ00
449,Cory Durden,24,LAR,DT,4,0,0,0,0,0,0,0,0,0,0,0,0.0,3,1,2,0,0,0,,DurdCo00
450,Phil Hoskins,26,ARI,DT,5,1,0,0,0,0,0,0,0,0,0,0,0.0,8,2,6,0,0,0,,HoskPh00
451,Byron Young,23,LVR,DT,6,0,0,0,0,0,0,0,0,0,0,0,0.0,4,4,0,0,0,0,,YounBy00
452,Quinton Bohanna,24,2TM,DT,6,3,0,0,0,0,0,0,0,0,0,0,0.0,10,5,5,2,0,0,,BohaQu00
453,Linval Joseph,35,BUF,DT,7,0,0,0,0,0,0,0,0,0,0,0,1.0,12,7,5,1,1,0,,JoseLi99
454,DaQuan Jones,32,BUF,DT,7,7,0,0,0,0,0,0,0,0,0,0,2.5,16,8,8,4,5,0,,JoneDa04
455,Moro Ojomo,22,PHI,DT,8,0,0,0,0,0,0,0,0,0,0,0,0.0,3,2,1,0,0,0,,OjomMo00
456,Poona Ford,28,BUF,DT,8,0,0,0,0,0,0,0,0,0,0,0,1.0,9,5,4,1,3,0,,FordPo00
457,Otito Ogbonnia,23,LAC,DT,8,2,0,0,0,0,0,0,0,0,0,0,0.0,21,10,11,0,2,0,,OgboOt00
458,DaVon Hamilton,26,JAX,DT,8,2,0,0,0,0,0,0,0,0,0,0,0.0,12,7,5,1,0,0,,HamiDa02
459,Jay Tufele,24,CIN,DT,10,0,0,0,0,0,0,0,0,0,0,0,0.0,11,4,7,0,0,0,,TufeJa00
460,Phidarian Mathis,25,WAS,DT,10,0,0,0,0,0,0,0,0,1,0,0,0.0,8,2,6,0,1,0,,MathPh00
461,Isaiah Buggs,27,DET,DT,10,3,0,0,0,0,1,0,0,1,33,0,1.0,12,7,5,2,1,0,,BuggIs00
462,Angelo Blackson,31,JAX,DT,11,0,0,0,0,0,0,0,0,3,0,0,0.0,13,8,5,2,0,0,,BlacAn00
463,Myles Adams,25,SEA,DT,11,1,0,0,0,0,0,0,0,0,0,0,1.0,6,2,4,1,1,0,,AdamMy00
464,Leki Fotu,25,ARI,DT,11,9,0,0,0,0,0,0,0,0,0,0,2.5,28,15,13,5,2,0,,FotuLe00
465,Grover Stewart,30,IND,DT,11,11,0,0,0,0,0,0,0,0,0,0,0.5,41,23,18,5,8,0,,StewGr00
466,Cameron Heyward,34,PIT,DT,11,11,0,0,0,0,1,0,0,0,0,0,2.0,33,25,8,6,3,0,,HeywCa01
467,Matt Dickerson,28,KAN,DT,12,0,0,0,0,0,0,0,0,0,0,0,0.0,15,7,8,1,0,0,,DickMa00
468,Naquan Jones,25,2TM,DT,12,2,0,0,0,0,0,0,0,0,0,0,0.0,17,3,14,1,0,0,,JoneNa01
469,Jaleel Johnson,29,TEN,DT,12,4,0,0,0,0,0,0,0,0,0,0,1.0,24,11,13,0,1,0,,JohnJa09
470,Jeffery Simmons,26,TEN,DT,12,12,0,0,0,0,1,1,0,1,2,0,5.5,44,30,14,10,11,0,,SimmJe01
471,Maurice Hurst Jr.,28,CLE,DT,13,0,1,0,0,0,3,0,0,1,0,0,1.5,22,12,10,4,5,0,,HursMa00
472,Montravius Adams,28,PIT,DT,13,8,0,0,0,0,1,1,0,0,0,0,0.0,24,11,13,2,0,0,,AdamMo00
473,Teair Tart,26,2TM,DT,13,9,0,0,0,0,0,0,0,0,0,0,1.0,24,17,7,8,4,0,,TartTe00
474,Kyle Peko,30,TEN,DT,13,10,0,0,0,0,1,0,0,0,0,0,0.0,22,12,10,2,2,0,,PekoKy00
475,Marlon Tuipulotu,24,PHI,DT,14,0,0,0,0,0,0,0,0,0,0,0,2.0,22,13,9,3,2,0,,TuipMa00
476,Eric Johnson,25,IND,DT,14,0,0,0,0,0,0,0,0,0,0,0,1.0,15,6,9,1,3,0,,JohnEr01
477,Josh Tupou,29,CIN,DT,14,1,0,0,0,0,0,0,0,0,0,0,0.0,19,8,11,1,1,0,,TupoJo00
478,Roy Lopez,26,ARI,DT,14,5,0,0,0,0,0,0,0,0,0,0,0.0,42,22,20,2,1,0,,LopeRo00
479,Jordan Phillips,31,BUF,DT,14,9,0,0,0,0,5,0,0,0,0,0,2.5,15,10,5,2,5,0,,PhilJo01
480,D.J. Reader,29,CIN,DT,14,14,0,0,0,0,1,0,0,1,0,0,1.0,34,20,14,2,7,0,,ReadD.00
481,Johnathan Hankins,31,DAL,DT,14,14,0,0,0,0,2,0,0,0,0,0,3.0,27,13,14,2,3,0,,HankJo00
482,Armon Watts,27,PIT,DT,15,0,0,0,0,0,0,0,0,0,0,0,0.5,15,6,9,0,3,0,,WattAr01
483,Khalil Davis,27,HOU,DT,15,1,0,0,0,0,2,1,0,1,0,0,2.0,32,16,16,6,6,0,,DaviKh00
484,Larrell Murchison,26,LAR,DT,15,3,0,0,0,0,0,0,0,0,0,0,0.0,16,7,9,1,0,0,,MurcLa00
485,Dante Stills,24,ARI,DT,15,8,0,0,0,0,0,0,0,1,0,0,3.5,47,18,29,5,5,0,,StilDa01
486,Sheldon Rankins,29,HOU,DT,15,15,0,0,0,0,0,1,0,1,13,1,6.0,37,29,8,9,10,0,,RankSh00
487,Isaiahh Loudermilk,26,PIT,DT,16,0,0,0,0,0,2,0,0,0,0,0,0.0,16,8,8,0,1,0,,LoudIs00
488,Da'Shawn Hand,28,MIA,DT,16,0,0,0,0,0,2,0,0,0,0,0,1.0,17,6,11,1,3,0,,HandDa00
489,Cameron Young,23,SEA,DT,16,1,0,0,0,0,1,0,0,0,0,0,0.0,18,10,8,1,1,0,,YounCa00
490,Jalen Carter,22,PHI,DT,16,1,0,0,0,0,0,2,0,1,42,1,6.0,33,20,13,8,9,0,AP DRoY-2,CartJa05
491,Broderick Washington Jr.,27,BAL,DT,16,5,0,0,0,0,0,0,0,2,0,0,2.0,18,10,8,3,5,0,,WashBr01
492,Milton Williams,24,PHI,DT,16,10,0,0,0,0,1,1,0,0,0,0,0.5,42,21,21,3,7,0,,WillMi08
493,DeShawn Williams,31,CAR,DT,16,10,0,0,0,0,1,0,0,0,0,0,1.0,33,13,20,2,7,0,,WillDe04
494,Dalvin Tomlinson,29,CLE,DT,16,16,0,0,0,0,0,0,0,0,0,0,3.0,28,12,16,4,12,0,,TomlDa00
495,Ed Oliver,26,BUF,DT,16,16,1,0,0,0,3,1,0,0,0,0,9.5,51,34,17,14,16,0,,OlivEd00
496,D.J. Jones,28,DEN,DT,16,16,0,0,0,0,0,3,0,2,14,0,2.0,46,30,16,5,4,0,,JoneD.01
497,Chris Jones,29,KAN,DT,16,16,0,0,0,0,4,0,0,0,0,0,10.5,30,20,10,13,29,0,PBAP-1,JoneCh09
498,Aaron Donald,32,LAR,DT,16,16,0,0,0,0,3,0,0,0,0,0,8.0,53,28,25,16,23,0,PBAP-1AP CPoY-9,DonaAa00
499,Maliek Collins,28,HOU,DT,16,16,0,0,0,0,1,0,0,0,0,0,5.0,41,19,22,8,18,0,,CollMa00
500,Jonathan Allen,28,WAS,DT,16,16,0,0,0,0,1,0,0,0,0,0,5.5,53,30,23,10,19,0,,AlleJo01
501,Travis Jones,24,BAL,DT,17,0,0,0,0,0,2,0,0,0,0,0,1.5,36,20,16,4,5,0,,JoneTr00
502,Neville Gallimore,26,DAL,DT,17,0,0,0,0,0,1,0,0,0,0,0,1.0,16,8,8,2,2,0,,GallNe00
503,Adam Butler,29,LVR,DT,17,0,0,0,0,0,4,1,0,0,0,0,5.0,28,16,12,8,9,0,,ButlAd00
504,Bryan Bresee,22,NOR,DT,17,0,0,0,0,0,6,0,0,0,0,0,4.5,24,12,12,7,9,0,,BresBr00
505,Tershawn Wharton,25,KAN,DT,17,1,0,0,0,0,0,0,0,1,0,0,2.0,21,7,14,2,5,0,,WharTe00
506,LaBryan Ray,26,CAR,DT,17,1,0,0,0,0,0,0,0,0,0,0,0.0,19,7,12,0,0,0,,RayxLa02
507,Kurt Hinish,24,HOU,DT,17,1,0,0,0,0,1,0,0,0,0,0,0.5,22,11,11,2,2,0,,HiniKu00
508,Tim Settle,26,BUF,DT,17,2,0,0,0,0,0,0,0,0,0,0,1.0,14,9,5,1,2,0,,SettTi00
509,John Ridgeway,24,WAS,DT,17,2,0,0,0,0,1,0,0,0,0,0,0.0,31,16,15,0,0,0,,RidgJo00
510,Mazi Smith,22,DAL,DT,17,3,0,0,0,0,0,0,0,0,0,0,1.0,13,9,4,3,3,0,,SmitMa06
511,Zachary Carter,24,CIN,DT,17,5,0,0,0,0,1,1,0,0,0,0,0.0,23,8,15,1,2,0,,CartZa00
512,Javon Kinlaw,26,SFO,DT,17,6,0,0,0,0,3,0,0,0,0,0,3.5,25,13,12,4,6,0,,KinlJa00
513,Shelby Harris,32,CLE,DT,17,7,0,0,0,0,5,1,0,0,0,0,1.5,28,17,11,6,3,0,,HarrSh00
514,Raekwon Davis,26,MIA,DT,17,7,0,0,0,0,0,0,0,0,0,0,0.5,28,15,13,2,6,0,,DaviRa03
515,Taven Bryan,27,IND,DT,17,7,0,0,0,0,0,1,0,0,0,0,2.0,22,12,10,4,1,0,,BryaTa00
516,Jordan Elliott,26,CLE,DT,17,14,0,0,0,0,1,0,0,0,0,0,2.5,21,14,7,3,3,0,,ElliJo02
517,DeForest Buckner,29,IND,DT,17,16,0,0,0,0,7,2,0,1,26,1,8.0,81,45,36,11,21,0,PB,BuckDe00
518,Shy Tuttle,28,CAR,DT,17,17,0,0,0,0,5,0,0,0,0,0,0.5,43,19,24,1,1,0,,TuttSh00
519,Zach Sieler,28,MIA,DT,17,17,1,5,1,5,4,1,0,2,3,0,10.0,63,32,31,11,22,0,,SielZa00
520,Nathan Shepherd,30,NOR,DT,17,17,0,0,0,0,0,0,0,0,0,0,3.5,50,27,23,4,8,0,,ShepNa00
521,Khalen Saunders,27,NOR,DT,17,17,0,0,0,0,1,0,0,0,0,0,0.0,57,24,33,1,2,0,,SaunKh00
522,Daron Payne,26,WAS,DT,17,17,0,0,0,0,4,2,0,2,0,0,4.0,53,32,21,13,11,0,,PaynDa00
523,Larry Ogunjobi,29,PIT,DT,17,17,0,0,0,0,2,1,0,2,0,0,3.0,43,21,22,3,8,0,,OgunLa00
524,Osa Odighizuwa,25,DAL,DT,17,17,0,0,0,0,0,0,0,0,0,0,3.0,46,26,20,9,13,0,,OdigOs00
525,Derrick Nnadi,27,KAN,DT,17,17,0,0,0,0,1,0,0,0,0,0,1.0,29,16,13,1,1,0,,NnadDe00
526,Nnamdi Madubuike,26,BAL,DT,17,17,0,0,0,0,0,1,0,0,0,0,13.0,56,38,18,12,33,0,PBAP-2AP DPoY-9,MaduJu00
527,John Jenkins,34,LVR,DT,17,17,0,0,0,0,4,0,0,1,44,1,1.0,61,24,37,4,2,0,,JenkJo00
528,B.J. Hill,28,CIN,DT,17,17,2,0,0,0,5,0,0,1,0,0,4.5,51,26,25,2,21,0,,HillB.00
529,Jordan Davis,23,PHI,DT,17,17,0,0,0,0,1,1,0,0,0,0,2.5,45,18,27,2,5,0,,DaviJo03
530,Derrick Brown,25,CAR,DT,17,17,1,2,0,2,6,0,0,0,0,0,2.0,103,57,46,7,15,0,PB,BrowDe05