Player,Pos,School,College,Ht,Wt,40yd,Vertical,Bench,Broad Jump,3Cone,Shuttle,Drafted (tm/rnd/yr),Player-additional
Kris Abrams-Draine,CB,Missouri,College Stats,5-11,179,4.44,33.5,,,,,Denver Broncos / 5th / 145th pick / 2024,AbraKr00
Isaiah Adams,G,Illinois,College Stats,6-4,315,5.22,24.5,,102,7.77,4.73,Arizona Cardinals / 3rd / 71st pick / 2024,AdamIs01
Rasheen Ali,RB,Marshall,College Stats,5-11,206,,,,,,,Baltimore Ravens / 5th / 165th pick / 2024,AlixRa00
Erick All,TE,Iowa,College Stats,6-4,252,,,,,,,Cincinnati Bengals / 4th / 115th pick / 2024,AllxEr00
Braelon Allen,RB,Wisconsin,College Stats,6-1,235,,32.0,26,117,,,New York Jets / 4th / 134th pick / 2024,AlleBr05
Joe Alt,OT,Notre Dame,College Stats,6-9,321,5.05,28.0,,112,7.31,4.51,Los Angeles Chargers / 1st / 5th pick / 2024,AltxJo01
Kiran Amegadjie,OT,Yale,,6-5,323,,,,,,,,-9999
Daijahn Anthony,SAF,Mississippi,College Stats,6-0,195,4.55,37.0,,116,,,Cincinnati Bengals / 7th / 224th pick / 2024,AnthDa00
Terrion Arnold,CB,Alabama,College Stats,6-0,189,4.50,37.0,,129,,,Detroit Lions / 1st / 24th pick / 2024,ArnoTe00
Gottlieb Ayedze,G,Maryland,College Stats,6-4,308,5.01,26.5,,112,,,,AyedGo00
Emani Bailey,RB,TCU,College Stats,5-7,202,4.61,33.5,,116,,,,BailEm00
Javon Baker,WR,Central Florida,College Stats,6-1,202,4.54,37.0,,121,,,New England Patriots / 4th / 110th pick / 2024,BakeJa00
AJ Barner,TE,Michigan,College Stats,6-6,251,,,,,,,Seattle Seahawks / 4th / 121st pick / 2024,BarnAJ00
Karsen Barnhart,G,Michigan,College Stats,6-5,306,5.21,29.5,,111,7.83,4.70,,-9999
Michael Barrett,LB,Michigan,College Stats,5-11,233,,,,,,,Carolina Panthers / 7th / 240th pick / 2024,BarrMi00
Graham Barton,C,Duke,College Stats,6-5,313,,,,,,,Tampa Bay Buccaneers / 1st / 26th pick / 2024,BartGr00
Cooper Beebe,G,Kansas St.,College Stats,6-3,322,5.03,27.5,,109,7.44,4.61,Dallas Cowboys / 3rd / 73rd pick / 2024,BeebCo00
Jaheim Bell,TE,Florida St.,College Stats,6-2,241,4.61,35.0,,124,,,New England Patriots / 7th / 231st pick / 2024,BellJa00
Trey Benson,RB,Florida St.,College Stats,6-0,216,4.39,33.5,,122,,,Arizona Cardinals / 3rd / 66th pick / 2024,BensTr01
JD Bertrand,LB,Notre Dame,College Stats,6-1,235,,,20,,,,Atlanta Falcons / 5th / 143rd pick / 2024,BertJD00
Tatum Bethune,LB,Florida St.,College Stats,6-0,229,,,16,,,,San Francisco 49ers / 7th / 251st pick / 2024,BethTa00
Keaton Bills,G,Utah,College Stats,6-5,321,5.38,29.5,,101,7.95,4.90,,BillKe00
Cole Bishop,SAF,Utah,College Stats,6-2,206,4.45,39.0,,124,,,Buffalo Bills / 2nd / 60th pick / 2024,BishCo00
Austin Booker,EDGE,Kansas,College Stats,6-5,240,4.79,32.5,,120,,,Chicago Bears / 5th / 144th pick / 2024,BookAu00
Tanor Bortolini,C,Wisconsin,,6-4,303,4.94,32.5,,112,7.16,4.28,,-9999
Brock Bowers,TE,Georgia,College Stats,6-3,243,,,,,,,Las Vegas Raiders / 1st / 13th pick / 2024,BoweBr01
Beau Brade,SAF,Maryland,College Stats,6-0,203,,,,,,,,BradBe01
Millard Bradford,SAF,TCU,,5-11,191,4.42,38.5,15,124,,,,-9999
Chris Braswell,EDGE,Alabama,College Stats,6-3,251,4.60,33.5,,115,,,Tampa Bay Buccaneers / 2nd / 57th pick / 2024,BrasCh01
Jonathon Brooks,RB,Texas,College Stats,6-0,216,,,,,,,Carolina Panthers / 2nd / 46th pick / 2024,BrooJo02
Jarvis Brownlee,CB,Louisville,College Stats,5-10,194,,,,,,,Tennessee Titans / 5th / 146th pick / 2024,BrowJa09
Javon Bullard,SAF,Georgia,College Stats,5-11,198,4.47,,,,,,Green Bay Packers / 2nd / 58th pick / 2024,BullJa00
Calen Bullock,SAF,USC,College Stats,6-2,188,4.48,,,,,,Houston Texans / 3rd / 78th pick / 2024,BullCa00
Jermaine Burton,WR,Alabama,College Stats,6-0,196,4.45,38.5,,133,,,Cincinnati Bengals / 3rd / 80th pick / 2024,BurtJe01
Solomon Byrd,EDGE,USC,College Stats,6-3,255,,,,,,,,-9999
Jaylon Carlies,SAF,Missouri,College Stats,6-3,227,4.50,32.5,20,125,,,Indianapolis Colts / 5th / 151st pick / 2024,CarlJa01
Caelen Carson,CB,Wake Forest,College Stats,6-0,199,,,,,,,Dallas Cowboys / 5th / 174th pick / 2024,CarsCa01
DeWayne Carter,DT,Duke,College Stats,6-2,302,4.99,32.0,,109,7.95,4.75,Buffalo Bills / 3rd / 95th pick / 2024,CartDe03
Aaron Casey,LB,Indiana,College Stats,6-1,231,4.75,30.0,16,117,,,,CaseAa00
Nelson Ceaser,EDGE,Houston,College Stats,6-3,254,,31.0,22,,7.30,4.57,,CeasNe00
Steele Chambers,LB,Ohio St.,College Stats,6-1,226,,33.5,,112,7.13,4.23,,ChamSt00
Javion Cohen,G,Miami,College Stats,6-4,324,,26.5,,104,,,,CoheJa00
Jalen Coker,WR,Holy Cross,,6-1,208,4.57,42.5,,128,,,,-9999
Andrew Coker,OT,TCU,College Stats,6-7,315,5.36,25.5,,94,7.95,4.93,,CokeAn00
Myles Cole,DE,Texas Tech,College Stats,6-6,278,4.67,35.0,,120,,,Jacksonville Jaguars / 7th / 236th pick / 2024,ColeMy00
Brandon Coleman,G,TCU,College Stats,6-5,313,4.99,34.0,,114,,,Washington Commanders / 3rd / 67th pick / 2024,ColeBr02
Keon Coleman,WR,Florida St.,College Stats,6-3,213,4.61,38.0,,127,,,Buffalo Bills / 2nd / 33rd pick / 2024,ColeKe02
Junior Colson,LB,Michigan,College Stats,6-2,238,,,,,,,Los Angeles Chargers / 3rd / 69th pick / 2024,ColsJu00
Ryan Cooper,CB,Oregon St.,College Stats,5-11,184,,,,,,,,-9999
Edgerrin Cooper,LB,Texas A&M,College Stats,6-2,230,4.51,34.5,,118,,,Green Bay Packers / 2nd / 45th pick / 2024,CoopEd00
Malachi Corley,WR,Western Kentucky,College Stats,5-11,215,,,,,,,New York Jets / 3rd / 65th pick / 2024,CorlMa00
Blake Corum,RB,Michigan,College Stats,5-8,205,4.53,35.5,27,,6.82,4.12,Los Angeles Rams / 3rd / 83rd pick / 2024,CoruBl00
Jacob Cowing,WR,Arizona,College Stats,5-8,168,4.38,36.0,,119,7.02,4.32,San Francisco 49ers / 4th / 135th pick / 2024,CowiJa00
Frank Crum,OT,Wyoming,College Stats,6-8,313,4.94,31.5,,114,7.39,4.73,,CrumFr00
Jaden Crumedy,DT,Mississippi St.,College Stats,6-4,301,4.97,29.5,,105,,4.66,Carolina Panthers / 6th / 200th pick / 2024,CrumJa00
Devin Culp,TE,Washington,College Stats,6-3,231,4.47,,,,,,Tampa Bay Buccaneers / 7th / 246th pick / 2024,CulpDe00
Jayden Daniels,QB,LSU,College Stats,6-4,210,,,,,,,Washington Commanders / 1st / 2nd pick / 2024,DaniJa02
Anim Dankwah,OT,Howard,,6-8,353,,27.5,,,,,,-9999
Isaiah Davis,RB,South Dakota St.,,6-0,218,4.57,34.5,23,119,,,,-9999
Re'Mahn Davis,RB,Kentucky,College Stats,5-8,211,4.52,35.0,,119,,4.51,,-9999
Tyler Davis,DT,Clemson,College Stats,6-2,301,5.02,28.5,29,108,,5.00,Los Angeles Rams / 6th / 196th pick / 2024,DaviTy05
Cooper DeJean,CB,Iowa,College Stats,6-1,203,,,,,,,Philadelphia Eagles / 2nd / 40th pick / 2024,DeJeCo00
Kalen DeLoach,LB,Florida St.,College Stats,6-0,210,4.47,30.5,,119,,,,-9999
Marlon Devonshire,CB,Pittsburgh,,5-11,186,4.45,38.5,,124,7.12,4.35,,-9999
Marcellas Dial,CB,South Carolina,College Stats,6-0,190,4.46,40.5,,129,,,New England Patriots / 6th / 180th pick / 2024,DialMa00
John Dixon,CB,Penn St.,,5-11,188,,,,,,,,-9999
Brandon Dorlus,DE,Oregon,College Stats,6-3,283,4.85,30.5,,111,7.43,4.85,Atlanta Falcons / 4th / 109th pick / 2024,DorlBr00
Willie Drew,CB,Virginia St.,,6-0,191,4.46,,13,,,,,-9999
Ethan Driskell,OT,Marshall,College Stats,6-8,313,,,,,,,,DrisEt00
Khalid Duke,EDGE,Kansas St.,College Stats,6-3,246,4.79,34.0,21,117,,,,DukeKh00
Justin Eboigbe,DT,Alabama,College Stats,6-4,297,5.18,28.0,,,,,Los Angeles Chargers / 4th / 105th pick / 2024,EboiJu00
Sevarian Edwards,RB,Georgia,,5-10,207,,,,114,,,,-9999
Kingsley Eguakun,C,Florida,College Stats,6-4,304,,,,,,,,EguaKi00
Tommy Eichenberg,LB,Ohio St.,College Stats,6-2,233,,32.5,,116,,4.24,Las Vegas Raiders / 5th / 148th pick / 2024,EichTo00
Jonah Elliss,EDGE,Utah,College Stats,6-2,248,,,,,,,Denver Broncos / 3rd / 76th pick / 2024,ElliJo03
Audric Estim√©,RB,Notre Dame,College Stats,5-11,221,4.71,38.0,23,125,,,Denver Broncos / 5th / 147th pick / 2024,EstiAu00
Josiah Ezirim,OT,Eastern Kentucky,,6-6,329,,,,,,,,-9999
Olumuyiwa Fashanu,OT,Penn St.,,6-6,312,5.11,32.0,,109,,,,-9999
Troy Fautanu,OT,Washington,College Stats,6-4,317,5.01,32.5,,113,,,Pittsburgh Steelers / 1st / 20th pick / 2024,FautTr00
Blake Fisher,OT,Notre Dame,College Stats,6-6,310,5.20,28.0,,114,7.76,4.73,Houston Texans / 2nd / 59th pick / 2024,FishBl00
Braden Fiske,DT,Florida St.,College Stats,6-4,292,4.78,33.5,26,117,,4.37,Los Angeles Rams / 2nd / 39th pick / 2024,FiskBr00
Jeremy Flax,OT,Kentucky,College Stats,6-6,343,5.64,28.0,,100,,,,FlaxJe00
Ryan Flournoy,WR,Southeast Missouri St.,,6-1,202,4.44,39.5,19,132,,,,-9999
Jaylan Ford,LB,Texas,College Stats,6-2,240,,33.5,,121,,,New Orleans Saints / 5th / 175th pick / 2024,FordJa02
Javon Foster,OT,Missouri,College Stats,6-6,313,5.30,32.5,,106,,,Jacksonville Jaguars / 4th / 114th pick / 2024,FostJa01
Troy Franklin,WR,Oregon,College Stats,6-2,176,4.41,39.0,,124,6.90,4.31,Denver Broncos / 4th / 102nd pick / 2024,FranTr00
Zach Frazier,C,West Virginia,College Stats,6-3,313,,,,,,,Pittsburgh Steelers / 2nd / 51st pick / 2024,FrazZa00
Taliese Fuaga,OT,Oregon St.,College Stats,6-6,324,5.13,32.0,,111,,,New Orleans Saints / 1st / 14th pick / 2024,FuagTa00
X'Zauvea Gadlin,G,Liberty,College Stats,6-3,322,5.50,24.0,,96,8.26,4.97,,GadlXZ00
Nicholas Gargiulo,C,South Carolina,,6-5,318,5.25,32.5,,101,7.33,,,-9999
Easton Gibbs,LB,Wyoming,College Stats,6-0,232,4.73,31.5,,109,,,,GibbEa00
Delmar Glaze,OT,Maryland,College Stats,6-4,315,5.21,25.5,,104,,,Las Vegas Raiders / 3rd / 77th pick / 2024,GlazDe00
Matthew Goncalves,OT,Pittsburgh,,6-6,327,,,,,,,,-9999
Franklin Gore,RB,Southern Mississippi,,5-8,201,,,12,,,,,-9999
Anthony Gould,WR,Oregon St.,College Stats,5-8,174,4.39,39.5,,129,,4.16,Indianapolis Colts / 5th / 142nd pick / 2024,GoulAn00
Tylan Grable,OT,Central Florida,College Stats,6-6,306,4.95,36.5,,117,,,Buffalo Bills / 6th / 204th pick / 2024,GrabTy00
Cedric Gray,LB,North Carolina,College Stats,6-2,234,4.64,35.5,17,120,,,Tennessee Titans / 4th / 106th pick / 2024,GrayCe00
Renardo Green,CB,Florida St.,College Stats,6-0,186,4.49,37.5,,130,,,San Francisco 49ers / 2nd / 64th pick / 2024,GreeRe00
Garret Greenfield,OT,South Dakota St.,,6-6,311,5.22,38.5,,113,7.76,4.85,,-9999
Lideatrick Griffin,WR,Mississippi St.,College Stats,5-10,181,4.43,35.5,,124,7.00,4.35,,GrifLi00
Isaac Guerendo,RB,Louisville,College Stats,6-0,221,4.33,41.5,,129,6.94,4.15,San Francisco 49ers / 4th / 129th pick / 2024,GuerIs00
Tyler Guyton,OT,Oklahoma,College Stats,6-8,322,5.19,34.5,,107,7.50,4.71,Dallas Cowboys / 1st / 29th pick / 2024,GuytTy00
Kamal Hadden,CB,Tennessee,College Stats,6-1,196,,,,,,,Kansas City Chiefs / 6th / 211th pick / 2024,HaddKa00
Gabriel Hall,DT,Baylor,,6-6,291,5.03,31.5,,115,7.65,4.67,,-9999
Dominique Hampton,SAF,Washington,College Stats,6-2,215,4.51,39.0,,122,6.83,4.14,Washington Commanders / 5th / 161st pick / 2024,HampDo00
C.J. Hanson,G,Holy Cross,,6-5,300,5.00,33.5,,115,,,,-9999
Myles Harden,CB,South Dakota,,5-11,195,4.50,35.5,13,118,6.88,3.98,,-9999
Daequan Hardy,CB,Penn St.,College Stats,5-9,179,4.38,42.5,,126,,,Buffalo Bills / 6th / 219th pick / 2024,HardDa02
Jaylen Harrell,EDGE,Michigan,College Stats,6-4,250,,37.0,,118,,,Tennessee Titans / 7th / 252nd pick / 2024,HarrJa05
Marcus Harris,DT,Auburn,College Stats,6-2,286,5.06,29.5,27,103,,,Houston Texans / 7th / 247th pick / 2024,HarrMa08
Marvin Harrison,WR,Ohio St.,College Stats,6-3,209,,,,,,,Arizona Cardinals / 1st / 4th pick / 2024,HarrMa09
Cam Hart,CB,Notre Dame,College Stats,6-3,202,4.50,39.5,11,130,7.12,4.24,Los Angeles Chargers / 5th / 140th pick / 2024,HartCa00
Sam Hartman,QB,Notre Dame,College Stats,6-1,211,4.80,28.5,,109,7.19,4.34,,HartSa00
Christian Haynes,G,Connecticut,College Stats,6-3,317,5.03,33.0,,102,,,Seattle Seahawks / 3rd / 81st pick / 2024,HaynCh00
LaDarius Henderson,G,Michigan,College Stats,6-4,309,,,,,,,Houston Texans / 7th / 249th pick / 2024,HendLa00
Jaden Hicks,SAF,Washington St.,College Stats,6-2,211,,37.5,16,122,6.88,4.37,Kansas City Chiefs / 4th / 133rd pick / 2024,HickJa01
George Holani,RB,Boise St.,College Stats,5-10,208,4.52,39.0,24,127,,4.33,,-9999
Dallin Holker,TE,Colorado St.,College Stats,6-3,241,4.78,32.5,,122,6.83,4.21,,HolkDa00
Ty'Ron Hopper,LB,Missouri,College Stats,6-2,231,,,,,,,Green Bay Packers / 3rd / 91st pick / 2024,HoppTy00
Jalyx Hunt,EDGE,Houston Christian University,,6-4,252,4.64,37.5,19,128,,,,-9999
Jontrey Hunter,LB,Georgia St.,,6-2,236,,32.0,,111,,,,-9999
Byron Murphy II,DT,Texas,College Stats,6-1,297,4.87,33.0,28,111,,,,-9999
Bucky Irving,RB,Oregon,College Stats,5-9,192,4.55,29.5,,115,,,Tampa Bay Buccaneers / 4th / 125th pick / 2024,IrviBu00
Adisa Isaac,EDGE,Penn St.,College Stats,6-4,247,4.74,34.5,,123,,,Baltimore Ravens / 3rd / 93rd pick / 2024,IsaaAd00
Brennan Jackson,EDGE,Washington St.,College Stats,6-4,264,4.69,33.5,21,114,,,Los Angeles Rams / 5th / 154th pick / 2024,JackBr02
Jha'Quan Jackson,WR,Tulane,College Stats,5-9,188,4.42,32.0,12,118,,,Tennessee Titans / 6th / 182nd pick / 2024,JackJh00
Khyree Jackson,CB,Oregon,College Stats,6-4,194,4.50,36.5,,133,,,Minnesota Vikings / 4th / 108th pick / 2024,JackKh00
McKinnley Jackson,DT,Texas A&M,College Stats,6-2,326,5.26,23.0,,106,,,Cincinnati Bengals / 3rd / 97th pick / 2024,JackMc00
Curtis Jacobs,LB,Penn St.,College Stats,6-1,241,4.58,35.0,18,124,,,,JacoCu00
DJ James,CB,Auburn,College Stats,6-0,175,4.42,,,,,,,-9999
Javontae Jean-Baptiste,EDGE,Notre Dame,College Stats,6-5,239,4.66,34.5,,127,,,Washington Commanders / 7th / 222nd pick / 2024,JeanJa00
Trajan Jeffcoat,EDGE,Arkansas,College Stats,6-4,266,4.69,31.5,21,120,,,,JeffTr00
Jordan Jefferson,DT,LSU,College Stats,6-3,313,,31.0,34,104,,,Jacksonville Jaguars / 4th / 116th pick / 2024,JeffJo01
Kris Jenkins,DT,Michigan,College Stats,6-3,299,4.91,30.0,29,115,,4.78,Cincinnati Bengals / 2nd / 49th pick / 2024,JenkKr01
Theodore Johnson,TE,Penn St.,,6-6,259,4.57,39.5,,125,7.15,4.19,,-9999
Carlton Johnson,CB,Fresno St.,College Stats,5-11,173,,,,,,,,JohnCa05
Cedric Johnson,EDGE,Mississippi,College Stats,6-3,260,4.63,38.0,25,122,,,Cincinnati Bengals / 6th / 214th pick / 2024,JohnCe01
Cornelius Johnson,WR,Michigan,College Stats,6-3,212,4.44,37.5,,127,,,Los Angeles Chargers / 7th / 253rd pick / 2024,JohnCo02
Dillon Johnson,RB,Washington,College Stats,6-0,217,4.68,31.5,,117,,,,JohnDi02
Isaiah Johnson,CB,Syracuse,College Stats,6-3,205,4.64,38.5,,129,,,,JohnIs03
Christian Jones,OT,Texas,College Stats,6-5,305,5.04,,,,8.09,4.78,Arizona Cardinals / 5th / 162nd pick / 2024,JoneCh12
Elijah Jones,CB,Boston Col.,College Stats,6-2,185,4.44,42.5,,131,,,Arizona Cardinals / 3rd / 90th pick / 2024,JoneEl00
Jarrian Jones,CB,Florida St.,College Stats,6-0,190,4.38,39.5,,129,,,Jacksonville Jaguars / 3rd / 96th pick / 2024,JoneJa14
Matthew Jones,G,Ohio St.,College Stats,6-4,316,5.21,28.0,,103,8.19,,,JoneMa08
Trente Jones,G,Michigan,College Stats,6-4,305,5.17,27.0,,109,7.78,4.87,,JoneTr02
Jawhar Jordan,RB,Louisville,College Stats,5-10,193,4.56,,,,,,Houston Texans / 6th / 205th pick / 2024,JordJa00
Michael Hall Jr.,DT,Ohio St.,College Stats,6-3,290,,,,,,,Cleveland Browns / 2nd / 54th pick / 2024,HallMi00
Michael Penix Jr.,QB,Washington,College Stats,6-2,216,,,,,,,Atlanta Falcons / 1st / 8th pick / 2024,PeniMi00
Ennis Rakestraw Jr.,CB,Missouri,College Stats,5-11,183,4.51,,,120,,,Detroit Lions / 2nd / 61st pick / 2024,RakeEn00
Tyrone Tracy Jr.,RB,Purdue,College Stats,5-11,209,4.48,40.0,,124,6.81,4.06,New York Giants / 5th / 166th pick / 2024,TracTy00
Jeremiah Trotter Jr.,LB,Clemson,College Stats,6-0,228,,,21,,7.13,4.40,Philadelphia Eagles / 5th / 155th pick / 2024,TrotJe01
Mohamed Kamara,EDGE,Colorado St.,College Stats,6-1,248,4.57,34.5,23,123,,,Miami Dolphins / 5th / 158th pick / 2024,KamaMo00
Joshua Karty,K,Stanford,College Stats,6-2,207,,,,,,,Los Angeles Rams / 6th / 209th pick / 2024,KartJo00
Trevor Keegan,G,Michigan,College Stats,6-5,310,5.24,30.5,,107,,,Philadelphia Eagles / 5th / 172nd pick / 2024,KeegTr00
Jaylen Key,SAF,Alabama,College Stats,6-1,208,4.60,36.5,,130,,,New York Jets / 7th / 257th pick / 2024,KeyxJa00
Kamren Kinchens,SAF,Miami,College Stats,5-11,203,4.65,35.0,,110,,,Los Angeles Rams / 3rd / 99th pick / 2024,KincKa00
Kalen King,CB,Penn St.,College Stats,5-11,191,4.61,37.0,,122,,4.16,Green Bay Packers / 7th / 255th pick / 2024,KingKa00
Jarrett Kingston,G,USC,College Stats,6-4,306,5.02,31.5,,111,7.53,4.47,San Francisco 49ers / 6th / 215th pick / 2024,KingJa02
Marshawn Kneeland,EDGE,Western Michigan,College Stats,6-3,267,4.75,35.5,21,119,7.02,4.18,Dallas Cowboys / 2nd / 56th pick / 2024,KneeMa00
Tyrice Knight,LB,Texas-El Paso,College Stats,6-1,233,4.63,34.5,21,119,7.25,4.40,Seattle Seahawks / 4th / 118th pick / 2024,KnigTy00
Trey Knox,TE,South Carolina,College Stats,6-3,240,,32.5,,121,7.09,4.54,,KnoxTr00
Kamari Lassiter,CB,Georgia,College Stats,6-0,186,,,,,6.62,4.12,Houston Texans / 2nd / 42nd pick / 2024,LassKa00
Brady Latham,G,Arkansas,College Stats,6-5,304,5.31,29.0,,110,7.57,4.47,,LathBr00
JC Latham,OT,Alabama,College Stats,6-6,342,,,,,,,Tennessee Titans / 1st / 7th pick / 2024,LathJC00
Laiatu Latu,EDGE,UCLA,College Stats,6-5,259,4.64,32.0,,116,,,Indianapolis Colts / 1st / 15th pick / 2024,LatuLa00
Dylan Laube,RB,New Hampshire,,5-10,206,4.54,37.0,23,118,6.84,4.02,,-9999
Sataoa Laumea,G,Utah,College Stats,6-4,319,,26.0,,104,,,Seattle Seahawks / 6th / 179th pick / 2024,LaumSa00
Devin Leary,QB,Kentucky,College Stats,6-1,215,,,,,,,Baltimore Ravens / 6th / 218th pick / 2024,LearDe00
Matt Lee,C,Miami,,6-4,301,5.03,31.0,,111,,,,-9999
Logan Lee,DT,Iowa,College Stats,6-5,281,5.05,31.5,25,114,7.16,4.37,Pittsburgh Steelers / 6th / 178th pick / 2024,LeexLo00
Xavier Legette,WR,South Carolina,College Stats,6-1,221,4.39,40.0,,126,,,Carolina Panthers / 1st / 32nd pick / 2024,LegeXa00
Kaitori Leveston,G,Kansas St.,College Stats,6-4,326,5.38,27.5,,108,,4.89,,-9999
Beaux Limmer,C,Arkansas,College Stats,6-5,302,5.22,36.5,,110,7.47,4.57,Los Angeles Rams / 6th / 217th pick / 2024,LimmBe00
Cam Little,K,Arkansas,College Stats,6-1,172,,,,,,,Jacksonville Jaguars / 6th / 212th pick / 2024,LittCa00
Marist Liufau,LB,Notre Dame,College Stats,6-2,234,4.64,,,,,,Dallas Cowboys / 3rd / 87th pick / 2024,LiufMa00
MarShawn Lloyd,RB,USC,College Stats,5-9,220,4.46,36.0,25,118,,,Green Bay Packers / 3rd / 88th pick / 2024,LloyMa00
Zion Logue,DT,Georgia,College Stats,6-6,314,5.14,29.0,,109,,4.92,Atlanta Falcons / 6th / 197th pick / 2024,LoguZi00
Jordan Magee,LB,Temple,College Stats,6-1,228,4.55,35.5,,124,,,Washington Commanders / 5th / 139th pick / 2024,MageJo00
Christian Mahogany,G,Boston Col.,College Stats,6-3,314,5.13,32.5,,109,7.81,4.53,Detroit Lions / 6th / 210th pick / 2024,MahoCh00
Drake Maye,QB,North Carolina,College Stats,6-4,223,,,,,,,New England Patriots / 1st / 3rd pick / 2024,MayeDr00
Luke McCaffrey,WR,Rice,College Stats,6-2,198,4.46,36.0,,121,6.70,4.02,Washington Commanders / 3rd / 100th pick / 2024,McCaLu00
J.J. McCarthy,QB,Michigan,College Stats,6-3,219,,,,,6.82,4.23,Minnesota Vikings / 1st / 10th pick / 2024,McCaJJ00
Jase McClellan,RB,Alabama,College Stats,5-10,221,,,20,,,,Atlanta Falcons / 6th / 186th pick / 2024,McClJa05
Ladd McConkey,WR,Georgia,College Stats,6-0,186,4.39,36.0,13,124,,,Los Angeles Chargers / 2nd / 34th pick / 2024,McCoLa00
Mason McCormick,G,South Dakota St.,,6-4,309,5.08,35.5,,117,7.59,4.45,,-9999
Dwight McGlothern,CB,Arkansas,College Stats,6-2,185,4.47,32.0,,115,,,,McGlDw00
Braiden McGregor,EDGE,Michigan,College Stats,6-5,257,,,,,,,,McGrBr00
Kool-Aid McKinstry,CB,Alabama,College Stats,6-0,199,,,,,,,New Orleans Saints / 2nd / 41st pick / 2024,McKiKo00
Tanner McLachlan,TE,Arizona,College Stats,6-5,244,4.61,35.0,,117,,,Cincinnati Bengals / 6th / 194th pick / 2024,McLaTa00
Dylan McMahon,C,North Carolina St.,College Stats,6-3,299,5.10,33.0,,115,7.26,4.33,Philadelphia Eagles / 6th / 190th pick / 2024,McMaDy00
Jalen McMillan,WR,Washington,College Stats,6-1,197,4.47,37.0,,127,6.94,4.18,Tampa Bay Buccaneers / 3rd / 92nd pick / 2024,McMiJa01
Patrick McMorris,SAF,California,College Stats,6-0,207,,31.0,14,112,,,,-9999
Bub Means,WR,Pittsburgh,College Stats,6-1,212,4.43,39.5,19,122,,,New Orleans Saints / 5th / 170th pick / 2024,MeanBu00
Max Melton,CB,Rutgers,College Stats,5-11,187,4.39,40.5,,136,,,Arizona Cardinals / 2nd / 43rd pick / 2024,MeltMa00
Harrison Mevis,K,Missouri,College Stats,6-0,241,,,,,,,,MeviHa01
Joe Milton,QB,Tennessee,College Stats,6-5,235,,35.0,,121,,,New England Patriots / 6th / 193rd pick / 2024,MiltJo00
Kendall Milton,RB,Georgia,College Stats,6-2,225,4.62,35.5,18,124,,4.38,,MiltKe01
Amarius Mims,OT,Georgia,College Stats,6-8,340,5.07,25.5,,111,,,Cincinnati Bengals / 1st / 18th pick / 2024,MimsAm00
Adonai Mitchell,WR,Texas,College Stats,6-2,205,4.34,39.5,,136,,,Indianapolis Colts / 2nd / 52nd pick / 2024,MitcAd00
Quinyon Mitchell,CB,Toledo,College Stats,6-0,195,4.33,38.0,20,122,,,Philadelphia Eagles / 1st / 22nd pick / 2024,MitcQu00
Jacob Monk,C,Duke,College Stats,6-3,308,5.09,29.5,,108,,,Green Bay Packers / 5th / 163rd pick / 2024,MonkJa00
Jordan Morgan,OT,Arizona,College Stats,6-5,311,5.04,28.0,,110,,,Green Bay Packers / 1st / 25th pick / 2024,MorgJo03
Darius Muasau,LB,UCLA,College Stats,6-0,225,4.70,36.5,,117,,,New York Giants / 6th / 183rd pick / 2024,MuasDa00
Gabriel Murphy,EDGE,UCLA,College Stats,6-2,247,4.68,39.5,25,123,,,,MurpGa00
Myles Murphy,DT,North Carolina,College Stats,6-4,309,5.20,28.5,,106,,4.81,,MurpMy01
Malik Mustapha,SAF,Wake Forest,College Stats,5-10,209,,,22,,,,San Francisco 49ers / 4th / 124th pick / 2024,MustMa00
Malik Nabers,WR,LSU,College Stats,6-0,200,,,,,,,New York Giants / 1st / 6th pick / 2024,NabeMa00
Jer'Zhan Newton,DT,Illinois,College Stats,6-2,304,,,,,,,Washington Commanders / 2nd / 36th pick / 2024,NewtJe00
Josh Newton,CB,TCU,College Stats,5-11,190,4.51,34.0,15,124,,4.15,Cincinnati Bengals / 5th / 149th pick / 2024,NewtJo00
Bo Nix,QB,Oregon,College Stats,6-2,214,,,,,,,Denver Broncos / 1st / 12th pick / 2024,NixxBo00
Maema Njongmeta,LB,Wisconsin,College Stats,6-0,229,4.91,,,,,4.66,,NjonMa00
Hunter Nourzad,C,Penn St.,College Stats,6-3,317,,,,,,,Kansas City Chiefs / 5th / 159th pick / 2024,NourHu00
Tyler Nubin,SAF,Minnesota,College Stats,6-1,199,,,,,,,New York Giants / 2nd / 47th pick / 2024,NubiTy00
Drake Nugent,C,Michigan,College Stats,6-2,298,5.23,29.5,,101,7.33,4.50,,NugeDr00
Rome Odunze,WR,Washington,College Stats,6-3,212,4.45,39.0,,124,6.88,4.03,Chicago Bears / 1st / 9th pick / 2024,OdunRo00
Eyabi Okie-Anoma,EDGE,Charlotte,,6-5,260,,,,,,,,-9999
Olakitan Oladapo,SAF,Oregon St.,,6-2,216,4.58,36.0,15,117,,,,-9999
Ruke Orhorhoro,DT,Clemson,College Stats,6-4,294,4.89,32.0,29,116,,,Atlanta Falcons / 2nd / 35th pick / 2024,OrhoRu00
Tyler Owens,SAF,Texas Tech,College Stats,6-2,216,,41.0,,146,,,,OwenTy00
Patrick Paul,OT,Houston,College Stats,6-8,331,5.13,29.0,,,7.65,,Miami Dolphins / 2nd / 55th pick / 2024,PaulPa01
Julian Pearl,OT,Illinois,College Stats,6-6,312,,,,,,,,PearJu00
Ricky Pearsall,WR,Florida,College Stats,6-1,189,4.41,42.0,17,129,6.64,4.05,San Francisco 49ers / 1st / 31st pick / 2024,PearRi00
Andru Phillips,CB,Kentucky,College Stats,5-11,190,4.48,42.0,,135,,,New York Giants / 3rd / 70th pick / 2024,PhilAn02
Prince Pines,G,Tulane,College Stats,6-5,322,5.34,30.0,,,,,,PinePr00
Ja'Lynn Polk,WR,Washington,College Stats,6-1,203,4.52,37.5,,129,,,New England Patriots / 2nd / 37th pick / 2024,PolkJa00
Jackson Powers-Johnson,C,Oregon,College Stats,6-3,328,,32.0,,104,,,Las Vegas Raiders / 2nd / 44th pick / 2024,PoweJa00
Sedrick Van Pran-Granger,C,Georgia,,6-4,298,5.20,,,,7.46,4.82,,-9999
Michael Pratt,QB,Tulane,College Stats,6-3,217,,36.0,,114,7.20,4.23,Green Bay Packers / 7th / 245th pick / 2024,PratMi00
Deantre Prince,CB,Mississippi,College Stats,6-0,183,4.38,34.5,,125,,,Jacksonville Jaguars / 5th / 153rd pick / 2024,PrinDe01
Nehemiah Pritchett,CB,Auburn,College Stats,6-0,190,4.36,34.5,,,,,Seattle Seahawks / 5th / 136th pick / 2024,PritNe00
Josh Proctor,SAF,Ohio St.,College Stats,6-2,199,4.55,32.5,,121,,,,ProcJo00
Dominick Puni,G,Kansas,College Stats,6-5,313,5.35,30.0,,107,7.47,4.40,San Francisco 49ers / 3rd / 86th pick / 2024,PuniDo00
Keith Randolph,DT,Illinois,College Stats,6-4,296,5.15,28.5,,105,,,,RandKe01
Spencer Rattler,QB,South Carolina,College Stats,6-0,211,4.95,32.0,,108,7.21,4.37,New Orleans Saints / 5th / 150th pick / 2024,RattSp00
Andrew Raym,C,Oklahoma,College Stats,6-4,314,5.42,24.5,,95,,,,RaymAn00
Austin Reed,QB,Western Kentucky,College Stats,6-2,220,4.82,,,,,,,ReedAu00
Ryan Rehkow,P,BYU,College Stats,6-4,235,,,,,,,,RehkRy00
Will Reichard,K,Alabama,College Stats,6-1,187,,,,,,,Minnesota Vikings / 6th / 203rd pick / 2024,ReicWi00
Tip Reiman,TE,Illinois,College Stats,6-5,271,4.64,33.5,28,121,7.02,4.26,Arizona Cardinals / 3rd / 82nd pick / 2024,ReimTi00
Brenden Rice,WR,USC,College Stats,6-2,208,4.50,36.5,13,119,,,Los Angeles Chargers / 7th / 225th pick / 2024,RiceBr00
Decamerion Richardson,CB,Mississippi St.,College Stats,6-2,188,4.34,35.0,,128,,,Las Vegas Raiders / 4th / 112th pick / 2024,RichDe01
Demani Richardson,SAF,Texas A&M,College Stats,6-1,210,4.60,31.0,,116,,,,RichDe02
Chop Robinson,EDGE,Penn St.,,6-3,254,4.48,34.5,,128,,4.25,,-9999
Darius Robinson,DE,Missouri,College Stats,6-5,285,4.95,35.0,21,111,,,Arizona Cardinals / 1st / 27th pick / 2024,RobiDa01
Keilan Robinson,RB,Texas,College Stats,5-8,191,4.42,33.0,,125,,,Jacksonville Jaguars / 5th / 167th pick / 2024,RobiKe03
Layden Robinson,G,Texas A&M,College Stats,6-4,302,,26.5,,111,,,New England Patriots / 4th / 103rd pick / 2024,RobiLa02
Tayvion Robinson,WR,Kentucky,College Stats,5-11,191,,,,,,,,RobiTa01
Justin Rogers,DT,Auburn,College Stats,6-3,330,,24.5,21,99,,4.87,Dallas Cowboys / 7th / 244th pick / 2024,RogeJu01
Christian Roland-Wallace,CB,USC,College Stats,6-0,201,,,17,,,,,RolaCh00
Marcus Rosemy-Jacksaint,WR,Georgia,College Stats,6-1,195,,35.0,,119,,,,RoseMa00
Roger Rosengarten,OT,Washington,College Stats,6-5,308,4.92,30.0,,113,,4.60,Baltimore Ravens / 2nd / 62nd pick / 2024,RoseRo01
Walter Rouse,OT,Oklahoma,College Stats,6-6,313,,,,,,,Minnesota Vikings / 6th / 177th pick / 2024,RousWa00
Mike Sainristil,CB,Michigan,College Stats,5-9,182,4.47,40.0,14,131,6.99,4.01,Washington Commanders / 2nd / 50th pick / 2024,SainMi00
Andre' Sam,SAF,LSU,,5-11,191,4.59,36.0,,123,,,,-9999
Nick Samac,C,Michigan St.,College Stats,6-4,307,,,,,,,Baltimore Ravens / 7th / 228th pick / 2024,SamaNi00
Ja'Tavion Sanders,TE,Texas,College Stats,6-4,245,4.69,,,,,4.32,Carolina Panthers / 4th / 101st pick / 2024,SandJa01
Cody Schrader,RB,Missouri,College Stats,5-9,202,4.61,33.0,,,,,,SchrCo00
Will Shipley,RB,Clemson,College Stats,5-11,206,,,,,,,Philadelphia Eagles / 4th / 127th pick / 2024,ShipWi00
Jaden Shirden,RB,Monmouth,,5-8,187,4.45,34.5,,117,,,,-9999
Jaylin Simpson,SAF,Auburn,College Stats,6-0,179,4.45,39.5,,133,,,Indianapolis Colts / 5th / 164th pick / 2024,SimpJa00
Ben Sinnott,TE,Kansas St.,College Stats,6-4,250,4.68,40.0,,126,6.82,4.23,Washington Commanders / 2nd / 53rd pick / 2024,SinnBe00
Kedon Slovis,QB,BYU,College Stats,6-3,223,4.55,30.0,,118,,,,SlovKe00
Ainias Smith,WR,Texas A&M,College Stats,5-9,190,,,21,,,,Philadelphia Eagles / 5th / 152nd pick / 2024,SmitAi00
Maason Smith,DT,LSU,College Stats,6-5,306,5.01,31.0,,108,7.62,4.69,Jacksonville Jaguars / 2nd / 48th pick / 2024,SmitMa07
Tykee Smith,SAF,Georgia,College Stats,5-10,202,4.46,36.0,,120,,,Tampa Bay Buccaneers / 3rd / 89th pick / 2024,SmitTy05
Chau Smith-Wade,CB,Washington St.,College Stats,5-10,184,4.54,34.5,18,125,7.05,4.32,Carolina Panthers / 5th / 157th pick / 2024,SmitCh05
Javon Solomon,EDGE,Troy,College Stats,6-1,246,4.72,37.0,23,119,,,Buffalo Bills / 5th / 168th pick / 2024,SoloJa00
Brevyn Spann-Ford,TE,Minnesota,College Stats,6-7,260,4.77,31.5,,116,7.38,,,SpanBr00
Fabien Lovett Sr.,DT,Florida St.,,6-4,314,,,,,,,,-9999
Tarheeb Still,CB,Maryland,College Stats,6-0,189,4.52,38.0,,120,,,Los Angeles Chargers / 5th / 137th pick / 2024,StilTa00
Cade Stover,TE,Ohio St.,College Stats,6-4,247,4.65,34.5,,117,,4.45,Houston Texans / 4th / 123rd pick / 2024,StovCa00
Kingsley Suamataia,OT,BYU,College Stats,6-5,326,5.04,28.0,,110,,,Kansas City Chiefs / 2nd / 63rd pick / 2024,SuamKi00
Jalen Sundell,C,North Dakota St.,,6-5,301,,,,,,,,-9999
T'Vondre Sweat,DT,Texas,College Stats,6-5,366,5.27,26.0,,98,,,Tennessee Titans / 2nd / 38th pick / 2024,SweaTV01
Marques Tampa,CB,Iowa St.,,6-1,189,,,,,,,,-9999
Leonard Taylor,DT,Miami,College Stats,6-4,303,5.12,30.0,,109,7.81,,,TaylLe02
Tory Taylor,P,Iowa,College Stats,6-4,223,,,,,,,Chicago Bears / 4th / 122nd pick / 2024,TaylTo01
Dadrion Taylor-Demerson,SAF,Texas Tech,College Stats,5-10,197,4.41,38.0,,123,,,Arizona Cardinals / 4th / 104th pick / 2024,TaylDa02
Nathan Thomas,OT,Louisiana,,6-5,332,5.19,25.0,,107,8.01,,,-9999
Brian Thomas,WR,LSU,College Stats,6-3,209,4.33,38.5,11,126,,,Jacksonville Jaguars / 1st / 23rd pick / 2024,ThomBr06
Xavier Thomas,EDGE,Clemson,College Stats,6-2,244,4.62,32.5,26,120,,,Arizona Cardinals / 5th / 138th pick / 2024,ThomXa01
Jamari Thrash,WR,Louisville,College Stats,6-0,188,4.46,34.0,,120,7.16,,Cleveland Browns / 5th / 156th pick / 2024,ThraJa01
Ro Torrence,CB,Arizona St.,College Stats,6-3,208,,,,,,,,TorrRo00
Jordan Travis,QB,Florida St.,College Stats,6-1,200,,,,,,,New York Jets / 5th / 171st pick / 2024,TravJo00
Bralen Trice,EDGE,Washington,College Stats,6-4,245,4.72,,,,,,Atlanta Falcons / 3rd / 74th pick / 2024,TricBr00
Zion Tupuola-Fetui,EDGE,Washington,College Stats,6-3,244,,,,,,,,TupuZi00
Charles Turner,C,LSU,College Stats,6-4,303,,31.0,,109,7.88,4.62,,TurnCh00
Dallas Turner,EDGE,Alabama,College Stats,6-3,247,4.46,40.5,,127,,,Minnesota Vikings / 1st / 17th pick / 2024,TurnDa01
David Ugwoegbu,EDGE,Houston,College Stats,6-4,250,,31.5,21,,,,,UgwoDa00
Edefuan Ulofoshio,LB,Washington,College Stats,6-1,236,4.56,39.5,,128,,,Buffalo Bills / 5th / 160th pick / 2024,UlofEd00
Sione Vaki,SAF,Utah,College Stats,5-11,210,4.62,39.5,20,125,,,Detroit Lions / 4th / 132nd pick / 2024,VakiSi00
Devaughn Vele,WR,Utah,College Stats,6-4,203,4.47,36.0,,126,,,Denver Broncos / 7th / 235th pick / 2024,VeleDe00
Jared Verse,EDGE,Florida St.,College Stats,6-4,254,4.58,35.0,31,127,7.31,4.44,Los Angeles Rams / 1st / 19th pick / 2024,VersJa00
Kimani Vidal,RB,Troy,College Stats,5-8,213,4.46,37.5,18,120,7.01,4.15,Los Angeles Chargers / 6th / 181st pick / 2024,VidaKi00
Devontez Walker,WR,North Carolina,College Stats,6-2,193,4.36,40.5,,134,,,Baltimore Ravens / 4th / 113th pick / 2024,WalkDe01
Caedan Wallace,OT,Penn St.,College Stats,6-5,314,5.15,31.0,,116,,,New England Patriots / 3rd / 68th pick / 2024,WallCa00
Josh Wallace,CB,Michigan,College Stats,5-11,185,,34.5,13,120,,4.35,,WallJo00
Trevin Wallace,LB,Kentucky,College Stats,6-1,237,4.51,37.5,,127,,,Carolina Panthers / 3rd / 72nd pick / 2024,WallTr00
Tahj Washington,WR,USC,College Stats,5-10,174,,35.0,,122,,,,-9999
Malik Washington,WR,Virginia,College Stats,5-9,191,4.47,42.5,19,126,,,Miami Dolphins / 6th / 184th pick / 2024,WashMa00
Nathaniel Watson,LB,Mississippi St.,College Stats,6-2,233,4.63,31.0,,111,,,Cleveland Browns / 6th / 206th pick / 2024,WatsNa00
Eric Watts,DE,Connecticut,College Stats,6-6,274,4.67,36.5,21,117,7.59,4.73,,WattEr00
Ryan Watts,CB,Texas,College Stats,6-3,208,4.53,40.5,,125,6.82,4.13,Pittsburgh Steelers / 6th / 195th pick / 2024,WattRy00
Xavier Weaver,WR,Colorado,College Stats,6-0,169,,,,,,,,WeavXa00
Jack Westover,TE,Washington,College Stats,6-3,243,,,,,,,,WestJa01
Jordan Whittington,WR,Texas,College Stats,6-1,205,,,18,,,,Los Angeles Rams / 6th / 213th pick / 2024,WhitJo04
Nate Wiggins,CB,Clemson,College Stats,6-1,173,4.28,36.0,,127,,,Baltimore Ravens / 1st / 30th pick / 2024,WiggNa00
Jared Wiley,TE,TCU,College Stats,6-6,249,4.62,37.0,,118,7.19,,Kansas City Chiefs / 4th / 131st pick / 2024,WileJa00
Michael Wiley,RB,Arizona,College Stats,5-11,210,4.51,33.5,,119,,4.43,,WileMi01
Caleb Williams,QB,USC,College Stats,6-1,214,,,,,,,Chicago Bears / 1st / 1st pick / 2024,WillCa03
Evan Williams,SAF,Oregon,College Stats,5-11,200,4.60,40.5,,126,,,Green Bay Packers / 4th / 111th pick / 2024,WillEv00
Isaiah Williams,WR,Illinois,College Stats,5-9,182,4.63,38.0,17,123,6.75,,,WillIs03
James Williams,SAF,Miami,College Stats,6-4,231,4.65,30.0,,117,,,Tennessee Titans / 7th / 242nd pick / 2024,WillJa15
Miyan Williams,RB,Ohio St.,College Stats,5-9,229,,,,,,,,WillMi09
Johnny Wilson,WR,Florida St.,College Stats,6-6,231,4.52,37.0,,128,,4.11,Philadelphia Eagles / 6th / 185th pick / 2024,WilsJo03
Payton Wilson,LB,North Carolina St.,College Stats,6-4,233,4.43,34.5,,119,,,Pittsburgh Steelers / 3rd / 98th pick / 2024,WilsPa00
Roman Wilson,WR,Michigan,College Stats,5-11,185,4.39,,12,,,,Pittsburgh Steelers / 3rd / 84th pick / 2024,WilsRo02
Mekhi Wingo,DT,LSU,College Stats,6-0,284,4.85,31.5,25,109,,,Detroit Lions / 6th / 189th pick / 2024,WingMe00
Xavier Worthy,WR,Texas,College Stats,5-11,165,4.21,41.0,,131,,,Kansas City Chiefs / 1st / 28th pick / 2024,WortXa00
Jaylen Wright,RB,Tennessee,College Stats,5-11,210,4.38,38.0,,134,,,Miami Dolphins / 4th / 120th pick / 2024,WrigJa04
Zak Zinter,G,Michigan,College Stats,6-6,309,,,,,,,Cleveland Browns / 3rd / 85th pick / 2024,ZintZa00