player,pos,school,wt,40yd,vertical,bench,broad jump,3cone,shuttle,round,ht_num,year,career av
Hakeem Adeniji,OL,Kansas,302,5.17,34.0,26,115,NA,NA,6,6.333333333333333,2020.0,0.0
McTelvin Agim,DL,Arkansas,309,4.98,NA,27,NA,NA,NA,3,6.25,2020.0,2.0
Brandon Aiyuk,WR,Arizona State,205,4.50,40.0,11,128,NA,NA,1,6.0,2020.0,39.0
Cam Akers,RB,Florida State,217,4.47,35.5,20,122,NA,4.42,2,5.833333333333333,2020.0,13.0
Bradlee Anae,DL,Utah,257,4.93,31.0,25,115,7.44,4.43,5,6.25,2020.0,0.0
Tremayne Anchrum,OL,Clemson,314,5.21,24.5,26,104,NA,NA,7,6.166666666666667,2020.0,0.0
Damon Arnette,CB,Ohio State,195,4.56,NA,NA,NA,NA,NA,1,6.0,2020.0,2.0
Devin Asiasi,TE,UCLA,257,4.73,30.5,16,115,NA,NA,3,6.25,2020.0,0.0
Markus Bailey,LB,Purdue,235,NA,NA,15,NA,NA,NA,7,6.0,2020.0,0.0
Ben Bartch,OL,Saint John's (MN),309,NA,NA,NA,NA,NA,NA,4,6.5,2020.0,8.0
Tyler Bass,K,Georgia Southern,185,NA,NA,NA,NA,NA,NA,6,5.833333333333333,2020.0,0.0
Zack Baun,LB,Wisconsin,238,4.65,32.5,24,115,7.00,4.31,3,6.166666666666667,2020.0,28.0
Mekhi Becton,OL,Louisville,364,5.10,NA,23,NA,NA,NA,1,6.583333333333333,2020.0,15.0
Eno Benjamin,RB,Arizona State,207,4.57,39.0,12,122,6.97,4.25,7,5.75,2020.0,0.0
Tyler Biadasz,OL,Wisconsin,314,NA,NA,NA,NA,NA,NA,4,6.333333333333333,2020.0,0.0
Ross Blacklock,DL,TCU,290,4.90,29.0,NA,107,7.77,4.67,2,6.25,2020.0,4.0
Julian Blackmon,S,Utah,187,NA,NA,NA,NA,NA,NA,3,6.0,2020.0,20.0
Lynn Bowden,WR,Kentucky,204,NA,NA,13,NA,NA,NA,3,5.916666666666667,2020.0,3.0
Shaun Bradley,LB,Temple,235,4.51,32.5,14,121,7.07,4.24,6,6.083333333333333,2020.0,0.0
Ben Bredeson,OL,Michigan,315,NA,NA,NA,NA,NA,NA,4,6.416666666666667,2020.0,0.0
Jordyn Brooks,LB,Texas Tech,240,4.54,NA,NA,NA,NA,NA,1,6.0,2020.0,30.0
Cameron Brown,LB,Penn State,233,4.72,35.5,16,123,NA,NA,6,6.416666666666667,2020.0,0.0
Derrick Brown,DL,Auburn,326,5.16,27.0,28,108,8.22,4.79,1,6.416666666666667,2020.0,28.0
Harrison Bryant,TE,Florida Atlantic,243,4.73,32.5,13,110,7.41,4.37,4,6.416666666666667,2020.0,7.0
Terrell Burgess,S,Utah,202,4.46,33.5,20,122,NA,NA,3,5.916666666666667,2020.0,3.0
Joe Burrow,QB,LSU,221,NA,NA,NA,NA,NA,NA,1,6.25,2020.0,58.0
Raymond Calais,RB,Louisiana-Lafayette,188,4.42,37.5,20,120,NA,NA,7,5.666666666666667,2020.0,0.0
Quintez Cephus,WR,Wisconsin,202,4.73,38.5,23,124,7.20,4.33,5,6.083333333333333,2020.0,0.0
K'Lavon Chaisson,LB,LSU,254,NA,NA,NA,NA,NA,NA,1,6.25,2020.0,10.0
Saahdiq Charles,OL,LSU,321,5.05,NA,NA,NA,NA,NA,4,6.333333333333333,2020.0,8.0
Jeremy Chinn,S,Southern Illinois,221,4.45,41.0,20,138,NA,NA,2,6.25,2020.0,38.0
Cameron Clark,OL,Charlotte,308,5.29,25.0,26,101,NA,NA,4,6.333333333333333,2020.0,0.0
Chase Claypool,WR,Notre Dame,238,4.42,40.5,19,126,NA,NA,2,6.333333333333333,2020.0,19.0
Ezra Cleveland,OL,Boise State,311,4.93,30.0,30,111,7.26,4.46,2,6.5,2020.0,26.0
Tyrie Cleveland,WR,Florida,209,4.46,39.5,13,126,NA,NA,7,6.166666666666667,2020.0,0.0
Carter Coughlin,LB,Minnesota,236,4.57,36.0,NA,126,NA,NA,7,6.25,2020.0,0.0
Isaiah Coulter,WR,Rhode Island,198,4.45,36.0,NA,121,7.28,4.62,5,6.166666666666667,2020.0,0.0
Kamren Curl,S,Arkansas,206,4.60,34.5,24,125,NA,NA,7,6.083333333333333,2020.0,0.0
Lloyd Cushenberry,OL,LSU,312,5.27,NA,25,NA,NA,NA,3,6.25,2020.0,23.0
DeeJay Dallas,RB,Miami,217,4.58,33.5,NA,119,7.18,4.32,4,5.833333333333333,2020.0,0.0
Cameron Dantzler,CB,Mississippi State,188,4.64,34.5,NA,NA,NA,NA,3,6.166666666666667,2020.0,10.0
Marlon Davidson,DL,Auburn,303,5.04,NA,21,NA,NA,NA,2,6.25,2020.0,5.0
Ashtyn Davis,S,California,202,NA,NA,14,NA,NA,NA,3,6.083333333333333,2020.0,10.0
Carlos Davis,DL,Nebraska,313,4.82,NA,27,NA,NA,4.52,7,6.166666666666667,2020.0,0.0
Gabriel Davis,WR,UCF,216,4.54,35.0,14,124,7.08,4.59,4,6.166666666666667,2020.0,27.0
Khalil Davis,DL,Nebraska,308,4.75,NA,32,NA,NA,NA,6,6.083333333333333,2020.0,0.0
Raekwon Davis,DL,Alabama,311,5.12,28.0,24,111,7.95,4.86,2,6.5,2020.0,23.0
Akeem Davis-Gaither,LB,Appalachian State,224,NA,NA,21,NA,NA,NA,4,6.083333333333333,2020.0,9.0
Josiah Deguara,TE,Cincinnati,242,4.72,35.5,25,115,7.15,4.35,3,6.166666666666667,2020.0,4.0
Grant Delpit,S,LSU,213,NA,NA,NA,NA,NA,NA,2,6.166666666666667,2020.0,20.0
Trevon Diggs,CB,Alabama,205,NA,NA,NA,NA,NA,NA,2,6.083333333333333,2020.0,31.0
AJ Dillon,RB,Boston College,247,4.53,41.0,23,131,7.19,NA,2,6.0,2020.0,23.0
J.K. Dobbins,RB,Ohio State,209,NA,NA,23,NA,NA,NA,2,5.75,2020.0,17.0
Jack Driscoll,OL,Auburn,306,5.02,29.5,23,114,NA,NA,4,6.416666666666667,2020.0,0.0
Kyle Dugger,S,Lenoir-Rhyne,217,4.49,42.0,17,134,NA,NA,2,6.083333333333333,2020.0,23.0
Devin Duvernay,WR,Texas,200,4.39,35.5,NA,123,7.13,4.20,3,5.833333333333333,2020.0,12.0
Troy Dye,LB,Oregon,231,NA,NA,NA,NA,NA,NA,4,6.25,2020.0,10.0
Jacob Eason,QB,Washington,231,4.89,27.5,NA,110,7.50,4.75,4,6.5,2020.0,0.0
Bryan Edwards,WR,South Carolina,212,NA,NA,NA,NA,NA,NA,3,6.25,2020.0,6.0
Clyde Edwards-Helaire,RB,LSU,207,4.60,39.5,15,123,NA,NA,1,5.583333333333333,2020.0,18.0
Jordan Elliott,DL,Missouri,302,5.02,27.5,24,NA,NA,4.73,3,6.333333333333333,2020.0,21.0
A.J. Epenesa,DL,Iowa,275,5.04,32.5,17,117,7.34,4.46,2,6.416666666666667,2020.0,16.0
Darrynton Evans,RB,Appalachian State,203,4.41,37.0,20,125,NA,NA,3,5.833333333333333,2020.0,3.0
Blake Ferguson,LS,LSU,229,5.07,31.0,NA,112,7.43,4.52,6,6.25,2020.0,0.0
Leki Fotu,DL,Utah,330,5.15,NA,21,NA,NA,NA,4,6.416666666666667,2020.0,10.0
Jake Fromm,QB,Georgia,219,5.01,30.0,NA,111,7.27,4.51,5,6.166666666666667,2020.0,0.0
Jordan Fuller,S,Ohio State,203,4.67,35.5,NA,122,NA,4.27,6,6.166666666666667,2020.0,0.0
Kristian Fulton,CB,LSU,197,4.46,35.5,NA,123,6.94,4.36,2,6.0,2020.0,18.0
Neville Gallimore,DL,Oklahoma,304,4.79,NA,23,NA,7.97,5.01,3,6.166666666666667,2020.0,10.0
Antonio Gandy-Golden,WR,Liberty,223,4.60,36.0,22,127,7.33,4.55,4,6.333333333333333,2020.0,0.0
Jonathan Garvin,DL,Miami,263,4.82,36.0,23,125,NA,NA,7,6.333333333333333,2020.0,0.0
Antonio Gibson,WR,Memphis,228,4.39,35.0,16,118,NA,NA,3,6.0,2020.0,27.0
Alohi Gilman,S,Notre Dame,201,4.60,32.0,17,119,6.81,4.08,6,5.833333333333333,2020.0,0.0
Trevis Gipson,DL,Tulsa,261,NA,NA,25,NA,NA,NA,5,6.25,2020.0,0.0
Jeff Gladney,CB,TCU,191,4.48,37.5,17,124,7.26,NA,1,5.833333333333333,2020.0,5.0
Jonathan Greenard,DL,Florida,263,4.87,30.5,22,113,7.13,4.34,3,6.25,2020.0,27.0
Yetur Gross-Matos,DL,Penn State,266,NA,34.0,20,120,NA,NA,2,6.416666666666667,2020.0,17.0
Bryce Hall,CB,Virginia,202,NA,NA,11,NA,NA,NA,5,6.083333333333333,2020.0,0.0
DaVon Hamilton,DL,Ohio State,320,5.14,29.5,33,102,7.72,NA,3,6.333333333333333,2020.0,18.0
KJ Hamler,WR,Penn State,178,NA,NA,15,NA,NA,NA,2,5.75,2020.0,5.0
Harrison Hand,CB,Temple,197,4.52,41.0,14,133,7.15,4.27,5,5.916666666666667,2020.0,0.0
Jake Hanson,OL,Oregon,303,5.50,NA,33,NA,NA,NA,6,6.333333333333333,2020.0,0.0
Nick Harris,OL,Washington,302,5.10,29.5,20,103,NA,NA,5,6.083333333333333,2020.0,0.0
Malik Harrison,LB,Ohio State,247,4.66,36.0,NA,122,6.83,4.32,3,6.25,2020.0,16.0
Jaylinn Hawkins,S,California,208,NA,35.5,NA,117,NA,NA,4,6.083333333333333,2020.0,11.0
Charlie Heck,OL,North Carolina,311,5.16,28.0,21,112,8.02,4.86,4,6.666666666666667,2020.0,11.0
C.J. Henderson,CB,Florida,204,4.39,37.5,20,127,NA,NA,1,6.083333333333333,2020.0,12.0
Matt Hennessy,OL,Temple,307,5.18,30.0,23,110,7.45,4.60,3,6.333333333333333,2020.0,10.0
Justin Herbert,QB,Oregon,236,4.68,35.5,NA,123,7.06,4.46,1,6.5,2020.0,64.0
Justin Herron,OL,Wake Forest,308,5.26,33.0,27,105,8.41,4.88,6,6.333333333333333,2020.0,0.0
Tee Higgins,WR,Clemson,216,NA,NA,NA,NA,NA,NA,2,6.333333333333333,2020.0,37.0
Alex Highsmith,DL,Charlotte,248,4.70,33.0,NA,125,7.32,4.31,3,6.25,2020.0,30.0
John Hightower,WR,Boise State,189,4.43,38.5,NA,122,7.07,4.21,5,6.083333333333333,2020.0,0.0
K.J. Hill,WR,Ohio State,196,4.60,32.5,17,114,NA,NA,7,6.0,2020.0,0.0
Isaiah Hodgins,WR,Oregon State,210,4.61,36.5,9,124,7.01,4.12,6,6.333333333333333,2020.0,0.0
Sterling Hofrichter,P,Syracuse,196,NA,NA,NA,NA,NA,NA,7,5.833333333333333,2020.0,0.0
Darnay Holmes,CB,UCLA,195,4.48,NA,12,NA,NA,NA,4,5.833333333333333,2020.0,7.0
Brycen Hopkins,TE,Purdue,245,4.66,33.5,21,116,7.25,4.28,4,6.333333333333333,2020.0,0.0
Khaleke Hudson,LB,Michigan,224,4.56,33.0,30,120,NA,NA,5,5.916666666666667,2020.0,0.0
Robert Hunt,OL,Louisiana-Lafayette,323,NA,NA,NA,NA,NA,NA,2,6.416666666666667,2020.0,29.0
Jalen Hurts,QB,Oklahoma,222,4.59,35.0,NA,125,NA,NA,2,6.083333333333333,2020.0,69.0
Noah Igbinoghene,CB,Auburn,198,4.48,37.0,15,128,NA,NA,1,5.833333333333333,2020.0,7.0
Brian Cole II,S,Mississippi State,213,4.52,NA,NA,NA,NA,NA,7,6.166666666666667,2020.0,0.0
Rashard Lawrence II,DL,LSU,308,5.07,NA,22,NA,8.03,NA,4,6.166666666666667,2020.0,6.0
Reggie Robinson II,CB,Tulsa,205,4.44,36.0,22,132,7.09,4.18,4,6.083333333333333,2020.0,0.0
Henry Ruggs III,WR,Alabama,188,4.27,42.0,NA,131,NA,NA,1,5.916666666666667,2020.0,8.0
Keith Ismael,OL,San Diego State,309,5.34,32.0,NA,108,8.14,4.65,5,6.25,2020.0,0.0
Austin Jackson,OL,USC,322,5.07,31.0,27,115,7.95,NA,1,6.416666666666667,2020.0,23.0
Dane Jackson,CB,Pittsburgh,187,4.57,35.0,NA,122,7.07,4.27,7,6.0,2020.0,0.0
Jonah Jackson,OL,Ohio State,306,5.23,26.0,28,98,7.83,5.02,3,6.25,2020.0,27.0
Justin Jefferson,WR,LSU,202,4.43,37.5,NA,126,NA,NA,1,6.083333333333333,2020.0,57.0
Van Jefferson,WR,Florida,200,NA,NA,NA,NA,NA,NA,2,6.083333333333333,2020.0,17.0
Anfernee Jennings,LB,Alabama,256,NA,NA,NA,NA,NA,NA,3,6.166666666666667,2020.0,20.0
Jauan Jennings,WR,Tennessee,215,4.72,29.0,NA,119,NA,NA,7,6.25,2020.0,0.0
Jerry Jeudy,WR,Alabama,193,4.45,35.0,NA,120,NA,4.53,1,6.083333333333333,2020.0,28.0
Collin Johnson,WR,Texas,222,NA,NA,17,NA,NA,NA,5,6.5,2020.0,0.0
Jaylon Johnson,CB,Utah,193,4.50,36.5,15,124,7.01,4.13,2,6.0,2020.0,29.0
Tyler Johnson,WR,Minnesota,206,NA,NA,NA,NA,NA,NA,5,6.083333333333333,2020.0,0.0
Clay Johnston,LB,Baylor,227,NA,NA,18,NA,NA,NA,7,6.083333333333333,2020.0,0.0
Brandon Jones,S,Texas,198,NA,NA,NA,NA,NA,NA,3,5.916666666666667,2020.0,17.0
Joshua Jones,OL,Houston,319,5.27,28.5,24,109,NA,NA,3,6.416666666666667,2020.0,15.0
Antoine Brooks Jr.,S,Maryland,220,4.64,34.5,18,NA,NA,NA,6,5.916666666666667,2020.0,0.0
Willie Gay Jr.,LB,Mississippi State,243,4.46,39.5,21,136,7.08,4.30,2,6.083333333333333,2020.0,26.0
Laviska Shenault Jr.,WR,Colorado,227,4.58,NA,17,NA,NA,NA,2,6.083333333333333,2020.0,13.0
Antoine Winfield Jr.,S,Minnesota,203,4.45,36.0,NA,124,NA,NA,2,5.75,2020.0,36.0
Khalid Kareem,DL,Notre Dame,268,NA,NA,NA,NA,NA,NA,5,6.333333333333333,2020.0,0.0
Dalton Keene,TE,Virginia Tech,253,4.71,34.0,21,125,7.07,4.19,3,6.333333333333333,2020.0,0.0
Joshua Kelley,RB,UCLA,212,4.49,31.0,23,121,6.95,4.28,4,5.916666666666667,2020.0,9.0
BoPete Keyes,CB,Tulane,202,NA,36.0,NA,126,NA,NA,7,6.083333333333333,2020.0,0.0
Solomon Kindley,OL,Georgia,337,NA,NA,NA,NA,NA,NA,4,6.25,2020.0,6.0
Javon Kinlaw,DL,South Carolina,324,NA,NA,NA,NA,NA,NA,1,6.416666666666667,2020.0,22.0
Cole Kmet,TE,Notre Dame,262,4.70,37.0,NA,123,7.44,4.41,2,6.5,2020.0,23.0
CeeDee Lamb,WR,Oklahoma,198,4.50,34.5,11,124,NA,NA,1,6.166666666666667,2020.0,57.0
Shane Lemieux,OL,Oregon,310,5.11,25.5,NA,107,8.13,4.90,5,6.333333333333333,2020.0,0.0
Damien Lewis,OL,LSU,327,5.24,30.0,27,108,NA,NA,3,6.166666666666667,2020.0,31.0
Terrell Lewis,LB,Alabama,262,NA,37.0,NA,124,NA,NA,3,6.416666666666667,2020.0,5.0
Jordan Love,QB,Utah State,224,4.74,35.5,NA,118,7.21,4.52,1,6.333333333333333,2020.0,29.0
Jake Luton,QB,Oregon State,224,NA,NA,NA,NA,NA,NA,6,6.5,2020.0,0.0
James Lynch,DL,Baylor,289,5.01,29.0,23,111,7.39,4.39,4,6.333333333333333,2020.0,6.0
Justin Madubuike,DL,Texas A&M,293,4.83,NA,31,NA,7.37,NA,3,6.25,2020.0,38.0
Braden Mann,P,Texas A&M,198,4.83,31.0,NA,111,7.03,4.13,6,5.916666666666667,2020.0,0.0
Kamal Martin,LB,Minnesota,240,NA,NA,NA,NA,NA,NA,5,6.25,2020.0,0.0
Cole McDonald,QB,Hawaii,215,4.58,36.0,NA,121,7.13,4.52,7,6.25,2020.0,0.0
Anthony McFarland,RB,Maryland,208,4.44,29.5,NA,116,NA,NA,4,5.666666666666667,2020.0,1.0
Xavier McKinney,S,Alabama,201,4.63,36.0,19,122,NA,NA,2,6.0,2020.0,31.0
Colton McKivitz,OL,West Virginia,306,5.35,26.0,20,106,7.87,5.00,5,6.5,2020.0,0.0
Josh Metellus,S,Michigan,209,4.55,36.5,20,124,6.94,4.40,6,5.916666666666667,2020.0,0.0
Denzel Mims,WR,Baylor,207,4.38,38.5,16,131,6.66,4.43,2,6.25,2020.0,5.0
Darnell Mooney,WR,Tulane,176,4.38,37.0,9,124,NA,NA,5,5.833333333333333,2020.0,0.0
James Morgan,QB,Florida International,229,4.89,29.0,NA,112,7.51,4.64,4,6.333333333333333,2020.0,0.0
Zack Moss,RB,Utah,223,4.65,33.0,19,NA,NA,4.37,3,5.75,2020.0,18.0
Larrell Murchison,DL,North Carolina State,297,5.05,29.0,29,118,7.89,4.51,5,6.166666666666667,2020.0,0.0
Kenneth Murray,LB,Oklahoma,241,4.52,38.0,21,129,NA,NA,1,6.166666666666667,2020.0,28.0
Tanner Muse,S,Clemson,227,4.41,34.5,20,124,NA,NA,3,6.166666666666667,2020.0,2.0
Netane Muti,OL,Fresno State,315,NA,NA,44,NA,NA,NA,6,6.25,2020.0,0.0
Lucas Niang,OL,TCU,315,NA,NA,NA,NA,NA,NA,3,6.5,2020.0,8.0
Michael Ojemudia,CB,Iowa,200,4.45,36.0,NA,122,6.87,4.21,3,6.083333333333333,2020.0,4.0
Jeff Okudah,CB,Ohio State,205,4.48,41.0,11,135,NA,NA,1,6.083333333333333,2020.0,10.0
Julian Okwara,DL,Notre Dame,252,NA,NA,27,NA,NA,NA,3,6.333333333333333,2020.0,5.0
Albert Okwuegbunam,TE,Missouri,258,4.49,NA,NA,NA,NA,NA,4,6.416666666666667,2020.0,5.0
Mike Onwenu,OL,Michigan,344,NA,NA,26,NA,NA,NA,6,6.25,2020.0,0.0
K.J. Osborn,WR,Miami,203,4.48,37.5,18,123,7.00,4.35,5,5.916666666666667,2020.0,0.0
Colby Parkinson,TE,Stanford,252,4.77,32.5,18,109,7.15,4.46,4,6.583333333333333,2020.0,8.0
Dezmon Patmon,WR,Washington State,225,4.48,36.0,15,132,7.28,4.38,6,6.333333333333333,2020.0,0.0
Matt Peart,OL,Connecticut,318,5.06,30.0,26,113,8.01,4.92,3,6.583333333333333,2020.0,6.0
John Penisini,DL,Utah,318,NA,25.5,23,NA,NA,4.93,6,6.083333333333333,2020.0,0.0
Donovan Peoples-Jones,WR,Michigan,212,4.48,44.5,NA,139,NA,NA,6,6.166666666666667,2020.0,0.0
La'Mical Perine,RB,Florida,216,4.62,35.0,22,118,7.13,4.31,4,5.916666666666667,2020.0,3.0
Malcolm Perry,WR,Navy,186,4.63,36.0,10,122,7.12,4.31,7,5.75,2020.0,0.0
Jacob Phillips,LB,LSU,229,4.66,39.0,NA,126,7.38,4.33,3,6.25,2020.0,5.0
Tyre Phillips,OL,Mississippi State,331,5.37,25.0,22,93,8.17,5.11,3,6.416666666666667,2020.0,11.0
Danny Pinter,OL,Ball State,306,4.91,29.5,24,110,7.76,4.62,5,6.333333333333333,2020.0,0.0
Michael Pittman,WR,USC,223,4.52,36.5,13,121,6.96,4.14,2,6.333333333333333,2020.0,38.0
Troy Pride,CB,Notre Dame,193,4.40,35.5,13,119,6.94,4.26,4,5.916666666666667,2020.0,3.0
James Proche,WR,SMU,201,NA,34.5,20,NA,7.27,4.40,6,5.916666666666667,2020.0,0.0
Shaquille Quarterman,LB,Miami,234,4.74,31.0,23,120,NA,NA,4,6.0,2020.0,0.0
Patrick Queen,LB,LSU,229,4.50,35.0,18,125,NA,NA,1,6.0,2020.0,48.0
Jalen Reagor,WR,TCU,206,4.47,42.0,17,138,7.31,4.46,1,5.916666666666667,2020.0,10.0
Joe Reed,WR,Virginia,224,4.47,38.0,21,123,NA,NA,5,6.0,2020.0,0.0
John Reid,CB,Penn State,187,4.49,36.5,20,129,6.95,3.97,4,5.833333333333333,2020.0,0.0
Amik Robertson,CB,Louisiana Tech,187,NA,NA,NA,NA,NA,NA,4,5.666666666666667,2020.0,0.0
Alton Robinson,DL,Syracuse,264,4.69,35.5,25,119,7.32,4.32,5,6.25,2020.0,0.0
Cesar Ruiz,OL,Michigan,307,5.08,33.0,28,113,7.91,4.64,1,6.25,2020.0,26.0
Jon Runyan,OL,Michigan,306,5.08,30.5,24,107,7.57,4.69,6,6.333333333333333,2020.0,0.0
Chapelle Russell,LB,Temple,236,4.69,35.0,21,121,7.38,4.41,7,6.166666666666667,2020.0,0.0
Josiah Scott,CB,Michigan State,185,4.42,NA,17,NA,NA,NA,4,5.75,2020.0,0.0
Isaiah Simmons,LB,Clemson,238,4.39,39.0,NA,132,NA,NA,1,6.333333333333333,2020.0,20.0
John Simpson,OL,Clemson,321,5.24,30.0,34,107,8.03,4.87,4,6.333333333333333,2020.0,23.0
James Smith-Williams,DL,North Carolina State,265,4.60,32.0,28,123,7.35,4.52,7,6.333333333333333,2020.0,0.0
L'Jarius Sneed,S,Louisiana Tech,192,4.37,41.0,12,131,NA,NA,4,6.0,2020.0,0.0
Nate Stanley,QB,Iowa,235,4.81,28.5,NA,108,7.26,4.48,7,6.333333333333333,2020.0,0.0
Logan Stenberg,OL,Kentucky,317,5.30,26.0,NA,104,8.00,4.83,4,6.5,2020.0,3.0
Simon Stepaniak,OL,Indiana,313,NA,NA,37,NA,NA,NA,6,6.333333333333333,2020.0,0.0
Geno Stone,S,Iowa,207,4.62,33.5,12,116,NA,NA,7,5.833333333333333,2020.0,0.0
Justin Strnad,LB,Wake Forest,238,4.74,29.0,NA,113,NA,4.49,5,6.25,2020.0,0.0
Jason Strowbridge,DL,North Carolina,275,4.89,31.0,26,113,7.45,4.37,5,6.333333333333333,2020.0,0.0
Stephen Sullivan,TE,LSU,248,4.66,36.5,NA,123,7.51,4.62,7,6.416666666666667,2020.0,0.0
Freddie Swain,WR,Florida,197,4.46,36.5,16,124,7.05,4.26,6,6.0,2020.0,0.0
D'Andre Swift,RB,Georgia,212,4.48,35.5,NA,121,NA,NA,2,5.666666666666667,2020.0,36.0
Tua Tagovailoa,QB,Alabama,217,NA,NA,NA,NA,NA,NA,1,6.0,2020.0,45.0
Darrell Taylor,LB,Tennessee,267,NA,NA,NA,NA,NA,NA,2,6.333333333333333,2020.0,10.0
Davion Taylor,LB,Colorado,228,4.49,35.0,21,127,6.96,4.26,3,6.0,2020.0,3.0
Jonathan Taylor,RB,Wisconsin,226,4.39,36.0,17,123,7.01,4.24,2,5.833333333333333,2020.0,45.0
A.J. Terrell,CB,Clemson,195,4.42,34.5,15,129,NA,NA,1,6.083333333333333,2020.0,28.0
Andrew Thomas,OL,Georgia,315,5.22,30.5,21,109,7.58,4.66,1,6.416666666666667,2020.0,27.0
Daniel Thomas,S,Auburn,215,4.51,37.0,24,125,NA,NA,5,5.833333333333333,2020.0,0.0
Stantley Thomas-Oliver,CB,Florida International,192,4.48,34.0,NA,127,NA,NA,7,6.0,2020.0,0.0
Casey Toohill,LB,Stanford,250,4.62,39.0,17,126,7.08,4.21,7,6.333333333333333,2020.0,0.0
Adam Trautman,TE,Dayton,255,4.80,34.5,18,114,6.78,4.27,3,6.416666666666667,2020.0,9.0
Derrek Tuszka,DL,North Dakota State,251,4.79,33.5,24,120,6.87,4.34,7,6.333333333333333,2020.0,0.0
Josh Uche,LB,Michigan,245,NA,NA,18,NA,NA,NA,2,6.083333333333333,2020.0,8.0
Ke'Shawn Vaughn,RB,Vanderbilt,214,4.51,32.0,NA,117,NA,NA,3,5.833333333333333,2020.0,2.0
Kindle Vildor,CB,Georgia Southern,191,4.44,39.5,22,133,7.14,4.28,5,5.833333333333333,2020.0,0.0
Mykal Walker,LB,Fresno State,230,4.65,33.0,20,122,7.09,4.25,4,6.25,2020.0,15.0
K'Von Wallace,S,Clemson,206,4.53,38.0,18,133,6.76,4.15,4,5.916666666666667,2020.0,9.0
Prince Tega Wanogho,OL,Auburn,308,NA,NA,NA,NA,NA,NA,6,6.416666666666667,2020.0,0.0
Broderick Washington,DL,Texas Tech,305,NA,NA,23,NA,NA,NA,5,6.166666666666667,2020.0,0.0
Quez Watkins,WR,Southern Miss,185,4.35,36.5,NA,125,7.28,4.36,6,6.0,2020.0,0.0
Curtis Weaver,LB,Boise State,265,NA,32.5,NA,116,7.00,4.27,5,6.166666666666667,2020.0,0.0
Evan Weaver,LB,California,237,4.76,32.0,15,117,7.02,4.21,6,6.166666666666667,2020.0,0.0
Kenny Willekes,DL,Michigan State,264,4.87,32.5,32,119,7.39,NA,7,6.25,2020.0,0.0
Jedrick Wills,OL,Alabama,312,5.05,34.5,NA,113,NA,4.84,1,6.333333333333333,2020.0,24.0
Isaiah Wilson,OL,Georgia,350,5.32,29.0,26,110,8.26,5.07,1,6.5,2020.0,0.0
Logan Wilson,LB,Wyoming,241,4.63,32.0,21,121,7.07,4.27,3,6.166666666666667,2020.0,29.0
Rob Windsor,DL,Penn State,290,4.90,28.5,21,111,7.47,4.44,6,6.333333333333333,2020.0,0.0
Tristan Wirfs,OL,Iowa,320,4.85,36.5,24,121,7.65,4.68,1,6.416666666666667,2020.0,58.0
Charlie Woerner,TE,Georgia,244,4.78,34.5,21,120,7.18,4.46,6,6.416666666666667,2020.0,0.0
D.J. Wonnum,DL,South Carolina,258,4.73,34.5,20,123,7.25,4.44,4,6.416666666666667,2020.0,20.0
Chase Young,DL,Ohio State,264,NA,NA,NA,NA,NA,NA,1,6.416666666666667,2020.0,23.0
Jabari Zuniga,DL,Florida,264,4.64,33.0,29,127,NA,NA,3,6.25,2020.0,1.0
Player,Pos,School,Wt,40yd,Vertical,Bench,Broad Jump,3Cone,Shuttle,NA,NA,NA,NA
Paulson Adebo,CB,Stanford,198,4.45,36.5,18,121,6.69,4.13,3,6.083333333333333,2021.0,19.0
Jack Anderson,OL,Texas Tech,314,5.28,29.5,27,105,7.90,4.83,7,6.333333333333333,2021.0,0.0
Tutu Atwell,WR,Louisville,155,4.42,33.0,NA,117,6.89,4.14,2,5.666666666666667,2021.0,12.0
Josh Ball,OL,Marshall,308,5.20,27.5,28,106,7.77,4.70,4,6.583333333333333,2021.0,0.0
Aaron Banks,OL,Notre Dame,325,5.32,31.0,24,100,7.69,4.89,2,6.416666666666667,2021.0,20.0
Christian Barmore,DL,Alabama,310,4.93,NA,NA,NA,NA,NA,2,6.333333333333333,2021.0,10.0
Derrick Barnes,DE,Purdue,238,4.57,37.0,29,119,NA,4.27,4,6.0,2021.0,11.0
Carlos Basham,DL,Wake Forest,274,4.64,34.0,20,122,7.13,4.25,2,6.25,2021.0,3.0
Rashod Bateman,WR,Minnesota,190,4.39,36.0,NA,123,NA,NA,1,6.0,2021.0,18.0
Joshuah Bledsoe,S,Missouri,NA,NA,NA,NA,NA,NA,NA,6,NA,2021.0,0.0
Nick Bolton,LB,Missouri,237,4.60,32.0,24,NA,7.40,4.50,2,5.916666666666667,2021.0,23.0
Ian Book,QB,Notre Dame,211,4.65,32.5,NA,115,6.99,4.19,4,6.0,2021.0,0.0
Larry Borom,OL,Missouri,322,5.12,31.0,NA,NA,NA,NA,5,6.416666666666667,2021.0,0.0
William Bradley-King,OLB,Baylor,252,4.74,34.5,NA,119,7.14,4.26,7,6.25,2021.0,0.0
Brady Breeze,S,Oregon,197,4.55,38.0,20,120,7.05,4.22,6,5.916666666666667,2021.0,0.0
Gary Brightwell,RB,Arizona,218,4.62,34.5,17,118,7.51,4.48,6,5.833333333333333,2021.0,0.0
K.J. Britt,LB,Auburn,235,4.76,32.5,24,118,7.38,4.40,5,6.0,2021.0,0.0
Deonte Brown,OL,Alabama,344,NA,27.0,NA,NA,NA,NA,6,6.25,2021.0,0.0
Dyami Brown,WR,North Carolina,189,4.46,35.0,18,128,6.87,4.35,3,6.0,2021.0,6.0
Tre Brown,CB,Oklahoma,185,4.42,38.0,13,123,7.11,4.27,4,5.75,2021.0,0.0
Amon-Ra St. Brown,WR,USC,197,4.51,38.5,20,127,6.88,4.17,4,5.916666666666667,2021.0,47.0
Baron Browning,LB,Ohio St.,245,4.58,40.0,23,130,6.78,4.23,3,6.166666666666667,2021.0,15.0
Camryn Bynum,CB,California,196,4.58,34.0,NA,129,6.99,4.10,4,6.0,2021.0,20.0
Tyson Campbell,DB,Georgia,193,4.40,34.5,12,124,7.15,4.45,2,6.083333333333333,2021.0,19.0
Jackson Carman,OT,Clemson,317,NA,NA,NA,NA,NA,NA,2,6.333333333333333,2021.0,4.0
Michael Carter,RB,North Carolina,201,4.50,34.0,16,119,6.81,3.98,4,5.583333333333333,2021.0,11.0
Ja'Marr Chase,WR,LSU,201,4.34,41.0,NA,132,6.96,3.99,1,6.0,2021.0,48.0
Brady Christensen,OL,BYU,NA,NA,34.0,30,124,NA,NA,3,NA,2021.0,13.0
Andre Cisco,DB,Syracuse,NA,NA,NA,17,NA,NA,NA,3,NA,2021.0,18.0
Ben Cleveland,OL,Georgia,343,5.05,28.0,30,102,NA,4.88,3,6.5,2021.0,6.0
Nico Collins,WR,Michigan,215,4.43,37.5,14,125,6.78,4.29,3,6.333333333333333,2021.0,25.0
Zaven Collins,LB,Tulsa,259,4.67,35.0,19,122,NA,4.36,1,6.333333333333333,2021.0,21.0
Jonathon Cooper,DE,Ohio St.,253,4.69,33.0,28,108,6.99,4.31,7,6.166666666666667,2021.0,0.0
Samuel Cosmi,OL,Texas,314,4.87,30.0,36,117,7.35,4.39,2,6.416666666666667,2021.0,23.0
Jabril Cox,LB,LSU,232,NA,NA,NA,NA,NA,NA,4,6.25,2021.0,2.0
Drew Dalman,C,Stanford,299,5.11,33.0,33,109,7.33,4.52,4,6.25,2021.0,16.0
Frank Darby,WR,Arizona St.,201,4.56,34.5,19,117,7.05,4.25,6,6.0,2021.0,0.0
Jaelon Darden,WR,North Texas,174,4.47,35.5,NA,122,6.66,3.98,4,5.583333333333333,2021.0,0.0
Jamin Davis,LB,Kentucky,234,4.47,42.0,NA,132,NA,NA,1,6.25,2021.0,16.0
Shawn Davis,DB,Florida,202,NA,39.5,17,128,NA,NA,5,5.833333333333333,2021.0,0.0
Wyatt Davis,OL,Ohio St.,315,NA,NA,25,NA,NA,NA,3,6.25,2021.0,0.0
Divine Deablo,DB,Virginia Tech,226,4.42,34.0,19,126,7.12,4.40,3,6.25,2021.0,20.0
Victor Dimukeje,DE,Duke,262,4.87,34.5,28,115,7.25,4.35,6,6.083333333333333,2021.0,0.0
Sam Ehlinger,QB,Texas,220,4.84,36.5,NA,114,7.15,4.44,6,6.083333333333333,2021.0,0.0
Liam Eichenberg,OL,Notre Dame,306,NA,26.5,33,105,7.53,4.58,2,6.5,2021.0,23.0
D'Wayne Eskridge,WR,West. Michigan,190,4.38,35.0,NA,124,6.93,4.22,2,5.666666666666667,2021.0,2.0
Travis Etienne,RB,Clemson,215,4.45,33.5,18,128,NA,NA,1,5.833333333333333,2021.0,24.0
Chris Evans,RB,Michigan,211,4.50,40.5,20,127,6.83,4.12,6,5.916666666666667,2021.0,0.0
Luke Farrell,TE,Ohio St.,251,4.79,36.5,22,118,7.14,4.36,5,6.416666666666667,2021.0,0.0
Simi Fehoko,WR,Stanford,222,4.44,34.5,16,120,6.78,4.26,5,6.25,2021.0,0.0
Demetric Felton,RB,UCLA,189,4.55,NA,NA,NA,NA,NA,6,5.666666666666667,NA,NA
Justin Fields,QB,Ohio St.,227,4.45,NA,NA,NA,NA,NA,1,6.166666666666667,2021.0,34.0
Tony Fields,LB,West Virginia,222,4.64,34.0,17,114,7.15,4.48,5,6.0,2021.0,0.0
Dez Fitzpatrick,WR,Louisville,208,4.43,35.0,NA,NA,7.09,4.26,4,6.083333333333333,2021.0,0.0
Darrick Forrest,S,Cincinnati,206,4.42,39.0,21,132,6.91,4.23,5,5.916666666666667,2021.0,0.0
Stone Forsythe,OL,Florida,307,5.14,27.5,25,103,7.47,4.65,6,6.666666666666667,2021.0,0.0
Pat Freiermuth,TE,Penn St.,251,NA,NA,26,NA,NA,NA,2,6.416666666666667,2021.0,18.0
Will Fries,OL,Penn St.,309,5.37,31.0,24,115,7.77,4.53,7,6.5,2021.0,0.0
Jake Funk,RB,Maryland,204,4.49,38.0,22,122,6.71,4.12,7,5.833333333333333,2021.0,0.0
Kenneth Gainwell,RB,Memphis,201,4.42,NA,21,NA,NA,NA,5,NA,2021.0,0.0
Tyree Gillespie,S,Missouri,NA,4.38,NA,15,NA,7.06,NA,4,NA,2021.0,0.0
Chauncey Golston,DL,Iowa,269,4.79,36.0,NA,119,7.52,4.65,3,6.333333333333333,2021.0,12.0
Tay Gowan,DB,Central Florida,186,4.44,35.5,13,118,6.88,4.25,6,6.0,2021.0,0.0
Ta'Quon Graham,DL,Texas,292,4.89,32.5,32,113,7.31,4.68,5,6.25,2021.0,0.0
Richie Grant,DB,Central Florida,197,4.49,34.5,12,129,6.78,4.27,2,5.916666666666667,2021.0,13.0
Noah Gray,TE,Duke,240,4.55,35.0,15,115,6.83,4.37,5,6.25,2021.0,0.0
Kendrick Green,OL,Illinois,305,4.89,35.5,25,119,7.79,4.67,3,6.083333333333333,2021.0,5.0
Robert Hainsey,OL,Notre Dame,306,5.20,27.5,32,104,7.58,4.63,3,6.333333333333333,2021.0,15.0
Darren Hall,CB,San Diego St.,188,4.47,38.5,16,132,7.07,4.28,4,5.916666666666667,2021.0,4.0
Damar Hamlin,DB,Pittsburgh,200,4.60,35.0,18,118,6.93,4.40,6,6.0,2021.0,0.0
Daelin Hayes,DL,Notre Dame,253,4.71,32.5,26,119,7.17,4.29,5,6.25,2021.0,0.0
Khalil Herbert,RB,Virginia Tech,210,4.46,33.0,22,115,6.96,4.31,6,5.666666666666667,2021.0,0.0
Kylin Hill,RB,Mississippi St.,214,4.51,36.0,22,122,7.13,4.35,7,5.833333333333333,2021.0,0.0
Trey Hill,OL,Georgia,319,5.50,NA,NA,NA,NA,NA,6,6.25,2021.0,0.0
Jevon Holland,S,Oregon,207,4.48,35.5,19,126,NA,4.14,2,6.0,2021.0,21.0
Jaycee Horn,DB,South Carolina,205,4.39,41.5,19,133,NA,NA,1,6.0,2021.0,13.0
Chuba Hubbard,RB,Oklahoma St.,210,4.48,36.0,20,120,7.24,4.26,4,6.0,2021.0,23.0
Wyatt Hubert,DE,Kansas St.,258,4.93,32.5,NA,110,7.03,4.28,7,6.166666666666667,2021.0,0.0
James Hudson,OL,Cincinnati,313,5.27,28.5,22,98,8.05,4.79,4,6.333333333333333,2021.0,8.0
Talanoa Hufanga,S,USC,NA,4.65,NA,NA,NA,NA,NA,5,NA,2021.0,0.0
Creed Humphrey,OL,Oklahoma,302,5.11,33.0,29,112,7.50,4.49,2,6.333333333333333,2021.0,40.0
Tarron Jackson,DE,Coastal Carolina,254,4.68,29.0,25,118,7.45,4.51,6,6.166666666666667,2021.0,0.0
Brenden Jaimes,OL,Nebraska,298,NA,30.5,25,112,7.50,4.51,5,6.416666666666667,2021.0,0.0
Jermar Jefferson,RB,Oregon St.,206,4.57,31.0,13,115,7.38,4.38,7,5.833333333333333,2021.0,0.0
Teven Jenkins,OL,Oklahoma St.,317,5.01,32.5,36,106,7.72,4.66,2,6.416666666666667,2021.0,15.0
Jamar Johnson,DB,Indiana,205,4.58,35.0,17,122,7.22,4.41,5,6.166666666666667,2021.0,0.0
Patrick Johnson,DE,Tulane,240,4.59,35.0,16,119,6.97,4.41,7,6.5,2021.0,0.0
Ernest Jones,LB,South Carolina,230,4.65,38.5,NA,NA,NA,NA,3,6.083333333333333,2021.0,14.0
Mac Jones,QB,Alabama,217,4.72,32.0,NA,116,7.04,4.39,1,6.166666666666667,2021.0,24.0
Patrick Jones,DL,Pittsburgh,261,4.85,31.5,22,107,NA,NA,3,6.333333333333333,2021.0,7.0
Brevin Jordan,TE,Miami (FL),247,4.64,31.0,17,116,NA,NA,5,6.166666666666667,2021.0,0.0
Kelvin Joseph,DB,Kentucky,197,4.34,35.0,NA,128,7.21,4.22,2,5.916666666666667,2021.0,2.0
Kary Vincent Jr.,CB,LSU,185,4.36,35.5,8,117,NA,NA,7,5.75,2021.0,0.0
Malcolm Koonce,DE,Buffalo,249,NA,NA,NA,NA,NA,NA,3,6.166666666666667,2021.0,7.0
Trey Lance,QB,North Dakota St.,224,NA,NA,NA,NA,NA,NA,1,6.25,2021.0,4.0
Cole Van Lanen,OL,Wisconsin,305,5.11,30.0,22,107,7.34,4.64,6,6.333333333333333,2021.0,0.0
Trevor Lawrence,QB,Clemson,213,NA,NA,NA,NA,NA,NA,1,6.416666666666667,2021.0,39.0
Alex Leatherwood,OL,Alabama,312,4.96,34.5,NA,118,NA,NA,1,6.416666666666667,2021.0,8.0
Richard LeCounte,DB,Georgia,196,4.79,32.5,NA,128,7.44,4.49,5,5.833333333333333,2021.0,0.0
Deommodore Lenoir,CB,Oregon,199,4.48,34.5,15,121,7.02,4.35,5,5.833333333333333,2021.0,0.0
Walker Little,OT,Stanford,313,5.30,29.5,24,111,7.44,4.59,2,6.583333333333333,2021.0,11.0
Isaiahh Loudermilk,DE,Wisconsin,274,5.08,28.5,21,112,7.52,4.55,5,6.5,2021.0,0.0
Tre' McKitty,TE,Georgia,247,NA,NA,NA,NA,NA,NA,3,6.333333333333333,2021.0,1.0
Racey McMath,WR,LSU,217,4.36,34.0,NA,124,7.38,4.38,6,6.166666666666667,2021.0,0.0
Quinn Meinerz,OL,Wisconsin–Whitewater,320,4.99,32.0,NA,111,7.54,4.58,3,6.166666666666667,2021.0,25.0
Ifeatu Melifonwu,DB,Syracuse,205,4.48,41.5,16,134,7.01,4.34,3,6.166666666666667,2021.0,6.0
Davis Mills,QB,Stanford,217,4.82,32.0,NA,110,6.95,4.40,3,6.25,2021.0,15.0
Dax Milne,WR,BYU,NA,4.54,31.0,14,114,NA,4.19,7,NA,2021.0,0.0
Elijah Mitchell,RB,Louisiana,201,4.38,37.5,17,128,6.94,4.19,6,5.833333333333333,2021.0,0.0
Trevon Moehrig,S,TCU,NA,4.50,33.0,NA,NA,NA,4.19,2,NA,2021.0,21.0
Elijah Molden,DB,Washington,192,4.62,36.5,13,125,NA,NA,3,5.75,2021.0,7.0
Elijah Moore,WR,Mississippi,NA,4.35,36.0,17,121,6.63,4.07,2,NA,2021.0,0.0
Rondale Moore,WR,Purdue,180,4.28,42.5,NA,NA,6.65,4.06,2,5.583333333333333,2021.0,12.0
Jimmy Morrissey,OL,Pittsburgh,303,5.31,31.0,26,105,7.39,4.47,7,6.25,2021.0,0.0
Israel Mukuamu,DB,South Carolina,NA,NA,36.0,34,NA,NA,NA,6,NA,2021.0,0.0
Josh Myers,C,Ohio St.,310,NA,NA,29,NA,NA,NA,2,6.416666666666667,2021.0,27.0
Hamsah Nasirildeen,DB,Florida St.,215,NA,32.0,17,NA,7.05,4.31,6,6.25,2021.0,0.0
Dazz Newsome,WR,North Carolina,190,4.59,34.0,12,121,7.38,4.38,6,5.833333333333333,2021.0,0.0
Greg Newsome,DB,Northwestern,192,4.39,40.0,18,123,6.90,4.26,1,6.0,2021.0,14.0
Daviyon Nixon,DT,Iowa,313,4.90,28.5,NA,106,7.68,4.70,5,6.25,2021.0,0.0
Tre Nixon,WR,Central Florida,187,4.44,35.5,18,125,6.81,4.27,7,6.0,2021.0,0.0
Tre Norwood,DB,Oklahoma,192,4.58,33.5,12,123,7.65,4.45,7,5.916666666666667,2021.0,0.0
Dayo Odeyingbo,DL,Vanderbilt,276,NA,NA,NA,NA,NA,NA,2,6.416666666666667,2021.0,12.0
Adetokunbo Ogundeji,DL,Notre Dame,260,4.75,32.0,22,120,7.17,4.64,5,6.333333333333333,2021.0,0.0
Azeez Ojulari,OLB,Georgia,249,4.63,30.0,26,127,7.27,4.34,2,6.166666666666667,2021.0,16.0
Levi Onwuzurike,DL,Washington,290,4.89,30.0,29,109,NA,NA,2,6.166666666666667,2021.0,7.0
Joseph Ossai,LB,Texas,256,4.63,41.5,19,131,NA,NA,3,6.25,2021.0,6.0
Jayson Oweh,DE,Penn St.,257,4.36,39.5,21,134,6.83,4.21,1,6.416666666666667,2021.0,14.0
Jeremiah Owusu-Koramoah,LB,Notre Dame,221,NA,36.5,NA,124,6.80,4.15,2,6.083333333333333,2021.0,22.0
Micah Parsons,LB,Penn St.,246,4.39,34.0,19,126,6.89,4.40,1,6.25,2021.0,56.0
Kwity Paye,DL,Michigan,261,4.52,35.3,36,118,NA,NA,1,6.166666666666667,2021.0,26.0
Ronnie Perkins,DE,Oklahoma,253,4.71,32.0,25,115,NA,4.69,3,6.166666666666667,2021.0,0.0
Jaelan Phillips,DL,Miami (FL),260,4.56,36.0,21,125,NA,NA,1,6.416666666666667,2021.0,16.0
Kyle Pitts,TE,Florida,245,4.44,33.5,22,129,7.12,4.30,1,6.416666666666667,2021.0,21.0
Cornell Powell,WR,Clemson,204,4.53,36.5,16,128,7.03,4.21,5,6.0,2021.0,0.0
Dillon Radunz,OT,North Dakota St.,301,5.16,32.0,24,112,7.27,4.57,2,6.416666666666667,2021.0,11.0
Monty Rice,LB,Georgia,233,4.58,32.0,NA,121,7.34,4.33,3,6.0,2021.0,6.0
Aaron Robinson,DB,Central Florida,186,4.39,37.0,15,123,6.89,4.29,3,5.916666666666667,2021.0,2.0
Quincy Roche,DL,Miami (FL),NA,NA,32.5,23,119,NA,NA,6,NA,2021.0,0.0
Robert Rochell,DB,Central Arkansas,193,4.41,43.0,9,133,6.84,4.08,4,5.916666666666667,2021.0,3.0
Amari Rodgers,WR,Clemson,212,4.52,33.0,19,121,7.07,4.31,3,5.75,2021.0,1.0
Larry Rountree,RB,Missouri,NA,4.62,30.0,NA,NA,6.96,NA,6,NA,2021.0,0.0
Gregory Rousseau,DL,Miami (FL),266,4.68,30.0,21,115,NA,NA,1,6.5,2021.0,32.0
Chris Rumph,DE,Duke,244,NA,NA,18,NA,NA,NA,4,6.166666666666667,2021.0,3.0
Anthony Schwartz,WR,Auburn,186,4.27,32.0,NA,123,7.13,4.25,3,6.0,2021.0,2.0
Trey Sermon,RB,Ohio St.,215,4.57,37.0,NA,125,6.83,4.28,3,6.0,2021.0,1.0
Penei Sewell,OL,Oregon,331,5.13,28.0,30,109,7.76,4.68,1,6.333333333333333,2021.0,52.0
Tyler Shelvin,DT,LSU,350,5.40,28.5,NA,97,8.15,5.05,4,6.166666666666667,NA,NA
William Sherman,OL,Colorado,304,5.19,26.0,23,108,7.71,4.82,6,6.25,NA,NA
Jamien Sherwood,DB,Auburn,216,4.76,36.0,15,123,7.15,4.36,5,6.083333333333333,NA,NA
Rashawn Slater,OL,Northwestern,304,4.91,33.0,33,112,7.48,4.45,1,6.333333333333333,NA,NA
Tedarrell Slaton,DL,Florida,330,5.09,29.0,27,109,7.91,4.81,5,6.333333333333333,NA,NA
Elerson Smith,DL,Northern Iowa,NA,4.71,41.5,26,127,7.00,4.39,4,NA,NA,NA
Jordan Smith,OLB,Ala-Birmingham,264,4.80,33.0,16,117,NA,NA,4,6.416666666666667,NA,NA
Ihmir Smith-Marsette,WR,Iowa,181,4.43,37.0,NA,124,7.00,4.20,5,6.0,NA,NA
Benjamin St-Juste,DB,Minnesota,202,4.51,34.5,11,119,6.63,3.96,3,6.25,NA,NA
Caden Sterns,DB,Texas,202,4.41,42.0,14,128,6.96,4.13,5,5.916666666666667,NA,NA
Jacoby Stevens,S,LSU,212,4.63,42.0,NA,130,NA,NA,6,6.083333333333333,NA,NA
Marquez Stevenson,WR,Houston,180,4.48,33.0,NA,122,6.76,4.14,6,5.833333333333333,NA,NA
Rhamondre Stevenson,RB,Oklahoma,231,4.64,31.5,15,112,7.09,4.15,4,5.916666666666667,NA,NA
Eric Stokes,DB,Georgia,194,4.31,38.5,14,128,6.96,4.36,1,6.0,NA,NA
Chazz Surratt,LB,North Carolina,229,4.58,31.0,25,NA,7.02,4.16,3,6.166666666666667,NA,NA
Patrick Surtain,DB,Alabama,208,4.42,39.0,18,131,NA,NA,1,6.166666666666667,NA,NA
Keith Taylor,DB,Washington,187,4.54,33.5,12,127,6.85,4.26,5,6.166666666666667,NA,NA
Ambry Thomas,DB,Michigan,191,4.37,38.0,15,122,NA,NA,3,5.916666666666667,NA,NA
Tommy Togiai,DT,Ohio St.,296,4.97,32.0,40,105,7.20,4.49,4,6.083333333333333,NA,NA
Kadarius Toney,WR,Florida,193,4.39,39.5,9,136,6.88,4.25,1,5.916666666666667,NA,NA
Shaka Toney,DE,Penn St.,242,4.51,39.0,24,128,6.95,4.28,7,6.166666666666667,NA,NA
Khyiris Tonga,DL,BYU,NA,NA,NA,35,NA,NA,NA,7,NA,NA,NA
Kyle Trask,QB,Florida,236,5.10,31.5,NA,113,7.08,4.60,2,6.416666666666667,NA,NA
Tommy Tremble,TE,Notre Dame,241,4.60,36.5,20,122,NA,NA,3,6.25,NA,NA
Joe Tryon,OLB,Washington,259,4.69,35.0,22,116,7.18,4.36,1,6.416666666666667,NA,NA
Jay Tufele,DL,USC,305,5.00,30.0,30,105,7.80,4.88,4,6.166666666666667,NA,NA
Payton Turner,DL,Houston,268,NA,35.5,23,NA,6.98,4.33,1,6.416666666666667,NA,NA
Jaylen Twyman,DL,Pittsburgh,301,5.40,32.5,40,104,8.00,NA,6,6.083333333333333,NA,NA
Alijah Vera-Tucker,OL,USC,308,5.05,32.0,36,106,7.67,4.70,1,6.333333333333333,NA,NA
Shaun Wade,CB,Ohio St.,196,NA,NA,NA,NA,NA,NA,5,6.0,NA,NA
Tylan Wallace,WR,Oklahoma St.,194,4.48,33.0,11,112,6.97,4.25,4,5.916666666666667,NA,NA
Garret Wallow,LB,TCU,NA,4.65,32.5,22,122,6.87,4.12,5,NA,NA,NA
Rashad Weaver,DL,Pittsburgh,259,4.88,32.0,20,114,6.97,4.26,4,6.333333333333333,NA,NA
Mark Webb,DB,Georgia,207,4.61,36.5,NA,136,7.30,4.52,7,6.083333333333333,NA,NA
Pete Werner,LB,Ohio St.,238,4.58,39.5,20,122,6.95,4.38,2,6.166666666666667,NA,NA
James Wiggins,S,Cincinnati,209,4.40,38.0,22,127,NA,NA,7,5.916666666666667,NA,NA
Rachad Wildgoose,CB,Wisconsin,197,4.53,36.0,11,120,7.09,4.18,6,5.916666666666667,NA,NA
Avery Williams,CB,Boise St.,187,4.43,33.5,19,121,6.88,4.00,5,5.666666666666667,NA,NA
Javonte Williams,RB,North Carolina,212,4.55,36.0,22,123,6.97,4.09,2,5.75,NA,NA
Milton Williams,DL,Louisiana Tech,284,4.67,38.5,34,121,6.96,4.33,3,6.25,NA,NA
Rodarius Williams,CB,Oklahoma St.,189,4.50,36.5,14,123,6.98,4.15,6,5.916666666666667,NA,NA
Seth Williams,WR,Auburn,211,4.49,37.0,12,124,7.20,4.43,6,6.25,NA,NA
Marco Wilson,CB,Florida,191,4.37,43.5,26,136,6.80,4.13,4,5.916666666666667,NA,NA
Zach Wilson,QB,BYU,214,NA,NA,NA,NA,NA,NA,1,6.166666666666667,NA,NA
Nahshon Wright,DB,Oregon St.,183,4.46,31.0,6,126,7.24,4.57,3,6.333333333333333,NA,NA
Landon Young,OT,Kentucky,310,5.00,30.5,34,108,7.70,4.89,6,6.5,NA,NA
Player,Pos,School,Wt,40yd,Vertical,Bench,Broad Jump,3Cone,Shuttle,NA,NA,NA,NA
Tyler Allgeier,RB,BYU,224,4.60,33.0,NA,120,NA,NA,5,5.916666666666667,2022.0,0.0
Troy Andersen,LB,Montana St.,243,4.42,36.0,NA,128,NA,NA,2,6.333333333333333,2022.0,6.0
Tycen Anderson,S,Toledo,209,4.36,35.5,NA,123,6.64,4.28,5,6.166666666666667,2022.0,0.0
Matt Araiza,P,San Diego St.,200,4.68,32.0,NA,121,NA,NA,6,6.083333333333333,2022.0,0.0
Jalyn Armour-Davis,CB,Alabama,197,4.39,34.5,14,NA,NA,NA,4,6.083333333333333,2022.0,2.0
Brian Asamoah,LB,Oklahoma,226,4.56,36.5,NA,124,NA,NA,3,6.0,2022.0,3.0
Calvin Austin,WR,Memphis,170,4.32,39.0,NA,135,6.65,4.07,4,5.666666666666667,2022.0,0.0
Tyler Badie,RB,Missouri,197,4.45,33.5,NA,121,NA,NA,6,5.666666666666667,2022.0,0.0
Kalon Barnes,CB,Baylor,183,4.23,NA,NA,NA,NA,NA,7,6.0,2022.0,0.0
Amaré Barno,EDGE,Virginia Tech,246,4.36,37.0,NA,131,NA,4.45,6,6.416666666666667,2022.0,0.0
Darrian Beavers,LB,Cincinnati,237,NA,36.5,NA,125,6.91,NA,6,6.333333333333333,2022.0,0.0
David Bell,WR,Purdue,212,4.65,33.0,NA,118,7.14,4.57,3,6.083333333333333,2022.0,3.0
Daniel Bellinger,TE,San Diego St.,253,4.63,34.5,22,125,7.05,4.47,4,6.416666666666667,2022.0,6.0
Dane Belton,S,Iowa,205,4.43,36.5,NA,123,7.01,4.24,4,6.083333333333333,2022.0,8.0
Terrel Bernard,LB,Baylor,224,NA,35.5,22,123,7.03,4.25,3,6.083333333333333,2022.0,19.0
Nik Bonitto,EDGE,Oklahoma,248,4.54,35.5,NA,120,7.07,4.23,2,6.25,2022.0,21.0
Thomas Booker,DT,Stanford,301,4.94,NA,NA,110,7.33,4.41,5,6.25,2022.0,0.0
Andrew Booth,CB,Clemson,194,NA,NA,NA,NA,NA,NA,2,6.0,2022.0,3.0
Jaquan Brisker,S,Penn St.,199,4.49,34.5,22,124,NA,NA,2,6.083333333333333,2022.0,11.0
Montaric Brown,CB,Arkansas,196,4.55,NA,NA,NA,NA,NA,7,6.0,2022.0,0.0
Logan Bruss,OG,Wisconsin,309,5.32,31.0,NA,112,7.57,4.55,3,6.416666666666667,2022.0,2.0
Coby Bryant,CB,Cincinnati,193,4.54,NA,17,NA,NA,NA,4,6.083333333333333,2022.0,8.0
Spencer Burford,OG,Texas-San Antonio,304,5.19,27.5,NA,105,NA,4.73,4,6.333333333333333,2022.0,14.0
Treylon Burks,WR,Arkansas,225,4.55,33.0,NA,122,7.28,NA,1,6.166666666666667,2022.0,6.0
Matthew Butler,DT,Tennessee,297,5.00,32.0,17,112,7.89,4.81,5,6.333333333333333,2022.0,0.0
Percy Butler,S,Louisiana,194,4.36,31.5,NA,123,NA,NA,4,6.0,2022.0,6.0
Grant Calcaterra,TE,SMU,241,4.62,NA,20,NA,NA,NA,6,6.333333333333333,2022.0,0.0
Jake Camarda,P,Georgia,193,4.56,NA,NA,NA,NA,NA,4,6.083333333333333,2022.0,8.0
Chance Campbell,LB,Mississippi,232,4.57,39.5,NA,127,NA,NA,6,6.166666666666667,2022.0,0.0
Ja'Tyre Carter,OG,Southern,311,5.13,30.0,NA,108,7.84,4.90,7,6.25,2022.0,0.0
Zachary Carter,DE,Florida,282,4.99,27.5,19,110,NA,NA,3,6.333333333333333,2022.0,10.0
Tariq Castro-Fields,CB,Penn St.,197,4.38,NA,NA,NA,NA,NA,6,6.083333333333333,2022.0,0.0
Tykevious Chandler,RB,North Carolina,204,4.38,31.0,NA,121,NA,NA,5,5.916666666666667,2022.0,0.0
Leo Chenal,LB,Wisconsin,250,4.53,40.5,NA,128,NA,NA,3,6.25,2022.0,14.0
Lewis Cine,S,Georgia,199,4.37,36.5,NA,133,NA,NA,1,6.166666666666667,2022.0,0.0
Damone Clark,LB,LSU,239,4.57,36.5,NA,127,7.12,NA,5,6.25,2022.0,0.0
Micheal Clemons,DE,Texas A&M,263,NA,NA,24,116,NA,NA,4,6.416666666666667,2022.0,10.0
Snoop Conner,RB,Mississippi,222,4.59,29.5,25,118,NA,NA,5,5.833333333333333,2022.0,0.0
Bryan Cook,S,Cincinnati,206,NA,NA,NA,NA,NA,NA,2,6.083333333333333,2022.0,12.0
James Cook,RB,Georgia,199,4.42,33.0,NA,124,NA,NA,2,5.916666666666667,2022.0,28.0
Matt Corral,QB,Mississippi,212,NA,NA,NA,NA,NA,NA,3,6.166666666666667,2022.0,0.0
Charles Cross,OT,Mississippi St.,307,4.95,26.0,NA,112,7.88,4.61,1,6.416666666666667,2022.0,22.0
Nick Cross,S,Maryland,212,4.34,37.0,NA,130,NA,NA,3,6.0,2022.0,10.0
DJ Davidson,DT,Arizona St.,327,NA,28.0,23,NA,7.85,4.72,5,6.25,2022.0,0.0
Jordan Davis,DT,Georgia,341,4.78,32.0,NA,123,NA,NA,1,6.5,2022.0,16.0
Kalia Davis,DT,Central Florida,302,NA,NA,NA,NA,NA,NA,6,6.083333333333333,2022.0,0.0
Tyrion Davis-Price,RB,LSU,211,4.48,30.0,NA,117,NA,NA,3,6.0,2022.0,1.0
Nakobe Dean,LB,Georgia,229,NA,NA,NA,NA,NA,NA,3,5.916666666666667,2022.0,10.0
Dawson Deaton,C,Texas Tech,306,5.12,29.0,24,108,7.52,4.49,7,6.5,2022.0,0.0
Austin Deculus,OT,LSU,321,5.08,28.5,NA,109,NA,4.99,6,6.416666666666667,2022.0,0.0
Jahan Dotson,WR,Penn St.,178,4.43,36.0,NA,121,7.28,NA,1,5.916666666666667,2022.0,11.0
Romeo Doubs,WR,Nevada,201,NA,NA,NA,NA,NA,NA,4,6.166666666666667,2022.0,16.0
Greg Dulcich,TE,UCLA,243,4.69,34.0,16,122,7.05,4.37,3,6.333333333333333,2022.0,3.0
Cobie Durant,CB,South Carolina St.,180,4.38,NA,NA,NA,NA,NA,4,5.833333333333333,2022.0,0.0
Arnold Ebiketie,EDGE,Penn St.,250,NA,38.0,21,128,NA,NA,2,6.166666666666667,2022.0,8.0
Trestan Ebner,RB,Baylor,206,4.43,30.0,NA,NA,NA,NA,6,5.916666666666667,2022.0,0.0
Ikem Ekwonu,OT,North Carolina St.,310,4.93,29.0,NA,108,7.82,4.73,1,6.333333333333333,2022.0,19.0
Kaiir Elam,CB,Florida,191,4.39,NA,NA,NA,NA,NA,1,6.166666666666667,2022.0,6.0
Martin Emerson,CB,Mississippi St.,201,4.53,NA,NA,NA,NA,NA,3,6.166666666666667,2022.0,13.0
Kingsley Enagbare,DE,South Carolina,258,4.87,36.5,NA,117,NA,NA,5,6.333333333333333,2022.0,0.0
Akayleb Evans,CB,Missouri,197,4.46,36.0,NA,129,NA,NA,4,6.166666666666667,2022.0,6.0
Joshua Ezeudu,OG,North Carolina,308,5.19,28.5,NA,105,7.83,4.56,3,6.333333333333333,2022.0,5.0
Erik Ezukanma,WR,Texas Tech,209,NA,36.5,NA,126,NA,4.38,4,6.166666666666667,2022.0,0.0
Daniel Faalele,OT,Minnesota,384,NA,NA,24,NA,NA,NA,4,6.666666666666667,2022.0,12.0
Neil Farrell,DT,LSU,330,5.41,21.5,NA,NA,8.41,NA,4,6.333333333333333,2022.0,2.0
Jake Ferguson,TE,Wisconsin,250,4.81,31.5,15,118,7.03,4.48,4,6.416666666666667,2022.0,15.0
Cordale Flott,CB,LSU,175,NA,NA,NA,NA,NA,NA,3,6.083333333333333,2022.0,9.0
Jerome Ford,RB,Cincinnati,210,4.46,31.0,NA,118,NA,NA,5,5.916666666666667,2022.0,0.0
Jonathan Ford,DT,Miami,333,NA,29.0,NA,102,NA,NA,7,6.416666666666667,2022.0,0.0
Luke Fortner,C,Kentucky,307,5.21,24.0,NA,102,7.75,4.95,3,6.333333333333333,2022.0,17.0
Ahmad Gardner,CB,Cincinnati,190,4.41,NA,NA,NA,NA,NA,1,6.25,2022.0,31.0
Trenton Gill,P,North Carolina St.,220,NA,NA,NA,NA,NA,NA,7,6.333333333333333,2022.0,0.0
Luke Goedeke,OG,Central Michigan,312,NA,NA,26,NA,NA,NA,2,6.416666666666667,2022.0,17.0
Kyler Gordon,CB,Washington,194,4.52,NA,NA,NA,NA,NA,2,6.0,2022.0,12.0
Danny Gray,WR,SMU,186,4.33,34.0,NA,126,NA,NA,3,6.0,2022.0,0.0
Kenyon Green,OG,Texas A&M,323,5.24,26.0,20,102,NA,5.12,1,6.333333333333333,2022.0,8.0
Jeffrey Gunter,EDGE,Coastal Carolina,258,4.70,35.5,NA,122,7.21,4.35,7,6.333333333333333,2022.0,0.0
Breece Hall,RB,Iowa St.,217,4.39,40.0,NA,126,NA,NA,2,5.916666666666667,2022.0,20.0
Logan Hall,DE,Houston,283,4.88,30.0,NA,NA,7.25,4.44,2,6.5,2022.0,13.0
Kyle Hamilton,S,Notre Dame,220,4.59,38.0,NA,131,6.90,4.32,1,6.333333333333333,2022.0,22.0
Christian Harris,LB,Alabama,226,4.44,34.5,NA,132,NA,NA,3,6.083333333333333,2022.0,13.0
Kevin Harris,RB,South Carolina,221,NA,38.5,21,126,NA,NA,6,5.833333333333333,2022.0,0.0
Hassan Haskins,RB,Michigan,228,NA,NA,27,NA,NA,NA,4,6.166666666666667,2022.0,2.0
Marquis Hayes,OG,Oklahoma,318,5.30,23.5,NA,102,NA,NA,7,6.416666666666667,2022.0,0.0
Connor Heyward,TE,Michigan St.,233,4.72,32.5,NA,NA,NA,NA,6,5.916666666666667,2022.0,0.0
Daxton Hill,S,Michigan,191,4.38,33.5,NA,121,6.57,4.06,1,6.0,2022.0,9.0
Chasen Hines,C,LSU,327,5.22,30.5,NA,108,NA,NA,6,6.25,2022.0,0.0
Sam Howell,QB,North Carolina,218,NA,NA,NA,NA,NA,NA,5,6.083333333333333,2022.0,0.0
Aidan Hutchinson,DE,Michigan,260,4.74,36.0,NA,117,6.73,4.15,1,6.583333333333333,2022.0,20.0
Jermaine Johnson II,DE,Florida St.,254,4.58,32.0,NA,125,NA,NA,1,6.416666666666667,2022.0,14.0
Ed Ingram,OG,LSU,307,5.02,20.5,NA,102,7.81,4.76,2,6.25,2022.0,16.0
Keaontay Ingram,RB,USC,221,4.53,34.5,NA,122,NA,NA,6,6.0,2022.0,0.0
D'Marco Jackson,LB,Appalachian St.,233,4.55,33.0,NA,125,NA,NA,5,6.083333333333333,2022.0,0.0
Drake Jackson,EDGE,USC,254,NA,36.5,NA,127,NA,NA,2,6.25,2021.0,3.0
Drake Jackson,EDGE,USC,254,NA,36.5,NA,127,NA,NA,2,6.25,2022.0,3.0
Jordan Jackson,DT,Air Force,294,NA,NA,NA,NA,NA,NA,6,6.416666666666667,2022.0,0.0
Zion Johnson,OG,Boston Col.,312,5.18,32.0,32,112,7.38,4.46,1,6.25,2022.0,20.0
Braxton Jones,OT,Southern Utah St.,310,4.97,25.5,NA,108,NA,4.84,5,6.416666666666667,2022.0,0.0
Jack Jones,CB,Arizona St.,171,4.51,NA,NA,NA,NA,NA,4,5.916666666666667,2022.0,10.0
Marcus Jones,CB,Houston,174,NA,NA,NA,NA,NA,NA,3,5.666666666666667,2022.0,14.0
Travis Jones,DT,Connecticut,325,4.92,28.5,NA,110,7.33,4.58,3,6.333333333333333,2022.0,9.0
Velus Jones,WR,Tennessee,204,4.31,33.0,NA,121,NA,NA,3,6.0,2022.0,3.0
Kerby Joseph,S,Illinois,203,NA,38.5,18,123,NA,NA,3,6.083333333333333,2022.0,23.0
Cameron Jurgens,C,Nebraska,303,4.92,NA,25,NA,NA,NA,2,6.25,2022.0,14.0
George Karlaftis,EDGE,Purdue,266,NA,38.0,21,121,NA,4.36,1,6.333333333333333,2022.0,20.0
Derion Kendrick,CB,Georgia,194,NA,NA,NA,NA,NA,NA,6,6.0,2022.0,0.0
Darian Kinnard,OG,Kentucky,322,5.31,25.0,NA,99,8.11,4.96,5,6.416666666666667,2022.0,0.0
Charlie Kolar,TE,Iowa St.,252,NA,NA,NA,NA,NA,NA,4,6.583333333333333,2022.0,2.0
Quentin Lake,S,UCLA,201,4.59,NA,NA,NA,NA,NA,6,6.083333333333333,2022.0,0.0
DeMarvin Leal,DT,Texas A&M,283,5.00,27.5,NA,106,NA,4.49,3,6.333333333333333,2022.0,4.0
Isaiah Likely,TE,Coastal Carolina,245,NA,36.0,NA,NA,NA,4.57,4,6.416666666666667,2022.0,0.0
Tyler Linderbaum,C,Iowa,296,NA,NA,NA,NA,NA,NA,1,6.166666666666667,2022.0,25.0
Devin Lloyd,LB,Utah,237,4.66,35.0,25,126,NA,NA,1,6.25,2022.0,20.0
Drake London,WR,USC,219,NA,NA,NA,NA,NA,NA,1,6.333333333333333,2022.0,25.0
Vederian Lowe,OT,Illinois,314,5.22,25.5,NA,99,7.83,4.71,6,6.416666666666667,2022.0,0.0
Abraham Lucas,OT,Washington St.,315,4.92,27.0,24,107,7.25,4.40,3,6.5,2022.0,15.0
Chase Lucas,CB,Arizona St.,180,4.48,39.0,NA,128,NA,NA,7,5.916666666666667,2022.0,0.0
Jesse Luketa,LB,Penn St.,253,4.89,37.5,NA,114,NA,NA,7,6.25,2022.0,0.0
Boye Mafe,EDGE,Minnesota,261,4.53,38.0,NA,125,NA,NA,2,6.333333333333333,2022.0,14.0
DeAngelo Malone,EDGE,Western Kentucky,243,NA,NA,23,NA,NA,NA,3,6.25,2022.0,3.0
Damarri Mathis,CB,Pittsburgh,196,4.39,NA,NA,NA,NA,NA,4,5.916666666666667,NA,NA
Phidarian Mathis,DT,Alabama,310,NA,23.5,NA,109,NA,4.91,2,6.333333333333333,2022.0,2.0
Cade Mays,OG,Tennessee,311,5.24,26.0,NA,102,7.57,4.71,6,6.416666666666667,2022.0,0.0
Trey McBride,TE,Colorado St.,246,NA,33.0,18,117,NA,NA,2,6.333333333333333,2022.0,20.0
Zyon McCollum,CB,Sam Houston St.,199,4.33,39.5,NA,132,6.48,3.94,5,6.166666666666667,2022.0,0.0
Roger McCreary,CB,Auburn,190,4.50,NA,NA,NA,NA,NA,2,5.916666666666667,2022.0,13.0
Trent McDuffie,CB,Washington,193,4.44,NA,NA,NA,NA,NA,1,5.916666666666667,2022.0,28.0
Micah McFadden,LB,Indiana,240,NA,NA,21,NA,NA,NA,5,6.083333333333333,2022.0,0.0
Marcus McKethan,OG,North Carolina,340,5.31,27.5,27,110,7.81,4.99,5,6.583333333333333,2022.0,0.0
Bo Melton,WR,Rutgers,189,4.34,38.0,NA,121,6.98,NA,7,5.916666666666667,2022.0,0.0
John Metchie,WR,Alabama,187,NA,NA,NA,NA,NA,NA,2,5.916666666666667,2022.0,3.0
James Mitchell,TE,Virginia Tech,249,NA,NA,NA,NA,NA,NA,5,6.333333333333333,2022.0,0.0
Max Mitchell,OT,Louisiana,307,5.32,25.0,NA,106,8.09,4.65,4,6.5,2022.0,5.0
Skyy Moore,WR,Western Michigan,195,4.41,34.5,NA,125,7.13,4.32,2,5.833333333333333,2022.0,4.0
Chad Muma,LB,Wyoming,239,4.63,40.0,27,129,7.06,4.28,3,6.25,2022.0,6.0
Thayer Munford,OT,Ohio St.,328,5.39,22.0,NA,104,NA,NA,7,6.5,2022.0,0.0
Jalen Nailor,WR,Michigan St.,186,4.50,38.0,NA,128,7.03,4.28,6,5.916666666666667,2022.0,0.0
Evan Neal,OT,Alabama,337,NA,NA,NA,NA,NA,NA,1,6.666666666666667,2022.0,11.0
Otito Ogbonnia,DT,UCLA,324,NA,NA,29,NA,NA,NA,5,6.333333333333333,2022.0,0.0
David Ojabo,EDGE,Michigan,250,4.55,35.0,NA,122,NA,4.45,2,6.333333333333333,2022.0,2.0
Chigoziem Okonkwo,TE,Maryland,238,4.52,35.5,NA,NA,NA,NA,4,6.25,2022.0,0.0
Chris Olave,WR,Ohio St.,187,4.39,32.0,NA,124,NA,NA,1,6.0,2022.0,20.0
Esezi Otomewo,DE,Minnesota,282,NA,NA,NA,NA,NA,NA,5,6.416666666666667,2022.0,0.0
Cade Otton,TE,Washington,247,NA,NA,NA,NA,NA,NA,4,6.416666666666667,NA,NA
Isiah Pacheco,RB,Rutgers,216,4.37,33.0,NA,118,NA,NA,7,5.833333333333333,2022.0,0.0
Dylan Parham,OG,Memphis,311,4.93,26.5,NA,108,7.78,4.70,3,6.25,2022.0,16.0
Joshua Paschal,DE,Kentucky,268,4.77,37.5,NA,123,NA,NA,2,6.25,2022.0,9.0
Chris Paul,OG,Tulsa,323,4.89,27.0,NA,109,7.74,4.83,7,6.333333333333333,2022.0,0.0
Trevor Penning,OT,Northern Iowa,325,4.89,28.0,NA,111,7.25,4.62,1,6.583333333333333,2022.0,12.0
Nicholas Petit-Frere,OT,Ohio St.,316,5.14,24.5,NA,103,NA,NA,3,6.416666666666667,2022.0,11.0
Kyle Philips,WR,UCLA,189,4.58,33.5,NA,124,NA,NA,5,5.916666666666667,2022.0,0.0
George Pickens,WR,Georgia,195,4.47,33.0,NA,125,NA,NA,2,6.25,2022.0,24.0
Kenny Pickett,QB,Pittsburgh,217,4.73,33.5,NA,121,NA,4.29,1,6.25,2022.0,14.0
Alec Pierce,WR,Cincinnati,211,4.41,40.5,NA,129,7.13,4.28,2,6.25,2022.0,15.0
Dameon Pierce,RB,Florida,218,4.59,34.5,21,119,NA,NA,4,5.833333333333333,2022.0,12.0
Jalen Pitre,S,Baylor,198,NA,35.0,16,NA,6.74,4.18,2,5.916666666666667,2022.0,16.0
Brock Purdy,QB,Iowa St.,212,4.84,27.0,NA,NA,7.21,4.45,7,6.083333333333333,2022.0,0.0
Teagan Quitoriano,TE,Oregon St.,258,NA,NA,22,NA,NA,NA,5,6.5,2022.0,0.0
Bernhard Raimann,OT,Central Michigan,303,5.05,30.5,30,117,7.46,4.49,3,6.5,2022.0,17.0
Sean Rhyan,OG,UCLA,321,5.25,33.5,NA,110,7.55,4.81,3,6.416666666666667,2022.0,10.0
Desmond Ridder,QB,Cincinnati,211,4.52,36.0,NA,127,7.15,4.29,3,6.25,2022.0,13.0
John Ridgeway,DT,Arkansas,321,5.30,NA,NA,101,NA,4.73,5,6.416666666666667,2022.0,0.0
Brian Robinson,RB,Alabama,225,4.53,30.0,NA,119,NA,NA,3,6.166666666666667,2022.0,16.0
Dominique Robinson,EDGE,Miami (Ohio),253,4.72,41.0,25,121,NA,NA,5,6.416666666666667,2022.0,0.0
Wan'Dale Robinson,WR,Kentucky,178,4.44,34.5,NA,118,NA,NA,2,5.666666666666667,NA,NA
Malcolm Rodriguez,LB,Oklahoma St.,232,4.52,39.5,NA,120,NA,NA,6,5.916666666666667,2022.0,0.0
Jeremy Ruckert,TE,Ohio St.,250,NA,NA,19,NA,NA,NA,3,6.416666666666667,2022.0,2.0
Jamaree Salyer,OG,Georgia,321,NA,NA,31,NA,NA,NA,6,6.25,2022.0,0.0
Myjai Sanders,EDGE,Cincinnati,228,4.67,33.0,NA,120,NA,4.37,3,6.416666666666667,2022.0,3.0
Justin Shaffer,OG,Georgia,314,5.14,25.5,NA,107,NA,NA,6,6.333333333333333,2021.0,0.0
Justin Shaffer,OG,Georgia,314,5.14,25.5,NA,107,NA,NA,6,6.333333333333333,2022.0,0.0
Khalil Shakir,WR,Boise St.,196,4.43,34.5,NA,124,7.28,4.21,5,6.0,2021.0,0.0
Khalil Shakir,WR,Boise St.,196,4.43,34.5,NA,124,7.28,4.21,5,6.0,2022.0,0.0
Brandon Smith,LB,Penn St.,250,4.52,37.5,NA,128,NA,NA,4,6.333333333333333,2021.0,0.0
Brandon Smith,LB,Penn St.,250,4.52,37.5,NA,128,NA,NA,4,6.333333333333333,2022.0,1.0
Lecitus Smith,OG,Virginia Tech,314,5.18,NA,23,99,7.88,4.78,6,6.25,2021.0,0.0
Lecitus Smith,OG,Virginia Tech,314,5.18,NA,23,99,7.88,4.78,6,6.25,2022.0,0.0
Tyler Smith,OT,Tulsa,324,5.02,27.5,NA,105,7.78,4.65,1,6.416666666666667,2021.0,0.0
Tyler Smith,OT,Tulsa,324,5.02,27.5,NA,105,7.78,4.65,1,6.416666666666667,2022.0,25.0
Tyreke Smith,EDGE,Ohio St.,254,4.86,34.0,NA,117,NA,NA,5,6.25,2021.0,0.0
Tyreke Smith,EDGE,Ohio St.,254,4.86,34.0,NA,117,NA,NA,5,6.25,2022.0,0.0
Baylon Spector,LB,Clemson,233,4.60,36.0,NA,122,NA,NA,7,6.0,2021.0,0.0
Baylon Spector,LB,Clemson,233,4.60,36.0,NA,122,NA,NA,7,6.0,2022.0,8.0
Isaiah Spiller,RB,Texas A&M,217,NA,30.0,NA,114,NA,NA,4,6.0,2021.0,1.0
Isaiah Spiller,RB,Texas A&M,217,NA,30.0,NA,114,NA,NA,4,6.0,2022.0,1.0
Derek Stingley,CB,LSU,190,NA,NA,NA,NA,NA,NA,1,6.0,2021.0,0.0
Derek Stingley,CB,LSU,190,NA,NA,NA,NA,NA,NA,1,6.0,2022.0,21.0
Jordan Stout,P,Penn St.,209,4.65,NA,NA,NA,NA,NA,4,6.25,2021.0,6.0
Jordan Stout,P,Penn St.,209,4.65,NA,NA,NA,NA,NA,4,6.25,2022.0,6.0
Cole Strange,OG,Tennessee-Chattanooga,307,5.03,28.0,31,120,7.44,4.50,1,6.416666666666667,2021.0,11.0
Cole Strange,OG,Tennessee-Chattanooga,307,5.03,28.0,31,120,7.44,4.50,1,6.416666666666667,2022.0,11.0
Pierre Strong,RB,South Dakota St.,207,4.37,36.0,NA,124,NA,NA,4,5.916666666666667,2021.0,4.0
Pierre Strong,RB,South Dakota St.,207,4.37,36.0,NA,124,NA,NA,4,5.916666666666667,2022.0,4.0
Andrew Stueber,OT,Michigan,325,NA,24.5,NA,101,7.94,4.90,7,6.583333333333333,2021.0,0.0
Andrew Stueber,OT,Michigan,325,NA,24.5,NA,101,7.94,4.90,7,6.583333333333333,2022.0,0.0
Alontae Taylor,CB,Tennessee,199,4.36,34.5,NA,128,NA,NA,2,6.0,2021.0,13.0
Alontae Taylor,CB,Tennessee,199,4.36,34.5,NA,128,NA,NA,2,6.0,2022.0,13.0
Cam Taylor-Britt,CB,Nebraska,196,4.38,NA,NA,NA,NA,NA,2,5.916666666666667,2021.0,14.0
Cam Taylor-Britt,CB,Nebraska,196,4.38,NA,NA,NA,NA,NA,2,5.916666666666667,2022.0,14.0
Luke Tenuta,OT,Virginia Tech,319,5.41,26.0,NA,104,NA,4.77,6,6.666666666666667,2021.0,0.0
Luke Tenuta,OT,Virginia Tech,319,5.41,26.0,NA,104,NA,4.77,6,6.666666666666667,2022.0,0.0
Kayvon Thibodeaux,EDGE,Oregon,254,4.58,NA,27,NA,NA,NA,1,6.333333333333333,2021.0,21.0
Kayvon Thibodeaux,EDGE,Oregon,254,4.58,NA,27,NA,NA,NA,1,6.333333333333333,2022.0,21.0
Cameron Thomas,DE,San Diego St.,267,NA,NA,24,NA,NA,NA,3,6.333333333333333,2021.0,3.0
Cameron Thomas,DE,San Diego St.,267,NA,NA,24,NA,NA,NA,3,6.333333333333333,2022.0,3.0
Isaiah Thomas,EDGE,Oklahoma,266,4.70,31.5,NA,117,NA,NA,7,6.416666666666667,2021.0,0.0
Isaiah Thomas,EDGE,Oklahoma,266,4.70,31.5,NA,117,NA,NA,7,6.416666666666667,2022.0,0.0
Skylar Thompson,QB,Kansas St.,217,4.91,31.0,NA,112,7.00,4.28,7,6.166666666666667,2021.0,0.0
Skylar Thompson,QB,Kansas St.,217,4.91,31.0,NA,112,7.00,4.28,7,6.166666666666667,2022.0,0.0
Tyquan Thornton,WR,Baylor,181,4.28,36.5,NA,130,NA,NA,2,6.166666666666667,2021.0,3.0
Tyquan Thornton,WR,Baylor,181,4.28,36.5,NA,130,NA,NA,2,6.166666666666667,2022.0,3.0
Channing Tindall,LB,Georgia,230,4.47,42.0,NA,129,NA,NA,3,6.166666666666667,2021.0,3.0
Channing Tindall,LB,Georgia,230,4.47,42.0,NA,129,NA,NA,3,6.166666666666667,2022.0,3.0
Jalen Tolbert,WR,South Alabama,194,4.49,36.0,NA,123,7.08,NA,3,6.083333333333333,2021.0,7.0
Jalen Tolbert,WR,South Alabama,194,4.49,36.0,NA,123,7.08,NA,3,6.083333333333333,2022.0,7.0
Zach Tom,C,Wake Forest,304,4.94,33.0,NA,118,7.32,4.47,4,6.333333333333333,2021.0,0.0
Zach Tom,C,Wake Forest,304,4.94,33.0,NA,118,7.32,4.47,4,6.333333333333333,2022.0,0.0
Cole Turner,TE,Nevada,246,4.76,27.0,17,120,7.06,4.41,5,6.5,2021.0,0.0
Cole Turner,TE,Nevada,246,4.76,27.0,17,120,7.06,4.41,5,6.5,2022.0,0.0
Delarrin Turner-Yell,S,Oklahoma,197,4.47,NA,NA,122,NA,NA,5,5.833333333333333,2021.0,0.0
Delarrin Turner-Yell,S,Oklahoma,197,4.47,NA,NA,122,NA,NA,5,5.833333333333333,2022.0,0.0
Eyioma Uwazurike,DT,Iowa St.,316,NA,33.0,NA,107,NA,NA,4,6.5,2021.0,1.0
Eyioma Uwazurike,DT,Iowa St.,316,NA,33.0,NA,107,NA,NA,4,6.5,2022.0,1.0
Cordell Volson,OG,North Dakota St.,315,5.27,25.0,25,104,8.31,4.93,4,6.5,2021.0,22.0
Cordell Volson,OG,North Dakota St.,315,5.27,25.0,25,104,8.31,4.93,4,6.5,2022.0,22.0
Matt Waletzko,OT,North Dakota,312,5.03,30.0,NA,113,NA,NA,5,6.666666666666667,2021.0,0.0
Matt Waletzko,OT,North Dakota,312,5.03,30.0,NA,113,NA,NA,5,6.666666666666667,2022.0,0.0
Kenneth Walker,RB,Michigan St.,211,4.38,34.0,NA,122,NA,NA,2,5.75,2021.0,0.0
Kenneth Walker,RB,Michigan St.,211,4.38,34.0,NA,122,NA,NA,2,5.75,2022.0,20.0
Quay Walker,LB,Georgia,241,4.52,32.0,NA,122,NA,NA,1,6.333333333333333,2021.0,18.0
Quay Walker,LB,Georgia,241,4.52,32.0,NA,122,NA,NA,1,6.333333333333333,2022.0,18.0
Rasheed Walker,OT,Penn St.,313,NA,NA,NA,NA,NA,NA,7,6.5,2021.0,0.0
Rasheed Walker,OT,Penn St.,313,NA,NA,NA,NA,NA,NA,7,6.5,2022.0,0.0
Travon Walker,DE,Georgia,272,4.51,35.5,NA,123,6.89,4.32,1,6.416666666666667,2021.0,21.0
Travon Walker,DE,Georgia,272,4.51,35.5,NA,123,6.89,4.32,1,6.416666666666667,2022.0,21.0
Christian Watson,WR,North Dakota St.,208,4.36,38.5,NA,136,NA,NA,2,6.333333333333333,2021.0,16.0
Christian Watson,WR,North Dakota St.,208,4.36,38.5,NA,136,NA,NA,2,6.333333333333333,2022.0,16.0
Jaylen Watson,CB,Washington St.,197,4.51,NA,18,NA,NA,NA,7,6.166666666666667,2021.0,8.0
Jaylen Watson,CB,Washington St.,197,4.51,NA,18,NA,NA,NA,7,6.166666666666667,2022.0,8.0
Luke Wattenberg,C,Washington,299,5.20,29.5,NA,113,7.45,4.57,5,6.333333333333333,2021.0,0.0
Luke Wattenberg,C,Washington,299,5.20,29.5,NA,113,7.45,4.57,5,6.333333333333333,2022.0,0.0
Rachaad White,RB,Arizona St.,214,4.48,38.0,NA,125,NA,NA,3,6.0,2021.0,21.0
Rachaad White,RB,Arizona St.,214,4.48,38.0,NA,125,NA,NA,3,6.0,2022.0,21.0
Zamir White,RB,Georgia,214,4.40,33.5,NA,128,NA,NA,4,6.0,2021.0,5.0
Zamir White,RB,Georgia,214,4.40,33.5,NA,128,NA,NA,4,6.0,2022.0,5.0
Damarion Williams,CB,Houston,182,NA,34.5,17,118,NA,NA,4,5.833333333333333,2021.0,0.0
Damarion Williams,CB,Houston,182,NA,34.5,17,118,NA,NA,4,5.833333333333333,2022.0,8.0
Jameson Williams,WR,Alabama,179,NA,NA,NA,NA,NA,NA,1,6.166666666666667,2021.0,16.0
Jameson Williams,WR,Alabama,179,NA,NA,NA,NA,NA,NA,1,6.166666666666667,2022.0,16.0
Joshua Williams,CB,Fayetteville St. University,195,4.53,36.0,NA,124,NA,NA,4,6.25,2021.0,5.0
Joshua Williams,CB,Fayetteville St. University,195,4.53,36.0,NA,124,NA,NA,4,6.25,2022.0,5.0
Kyren Williams,RB,Notre Dame,194,4.65,32.0,NA,116,NA,NA,5,5.75,2021.0,0.0
Kyren Williams,RB,Notre Dame,194,4.65,32.0,NA,116,NA,NA,5,5.75,2022.0,0.0
Sam Williams,EDGE,Mississippi,261,4.46,32.5,NA,123,NA,NA,2,6.333333333333333,2021.0,4.0
Sam Williams,EDGE,Mississippi,261,4.46,32.5,NA,123,NA,NA,2,6.333333333333333,2022.0,4.0
Malik Willis,QB,Liberty,219,NA,NA,NA,NA,NA,NA,3,6.083333333333333,2021.0,4.0
Malik Willis,QB,Liberty,219,NA,NA,NA,NA,NA,NA,3,6.083333333333333,2022.0,4.0
Garrett Wilson,WR,Ohio St.,183,4.38,36.0,NA,123,NA,4.36,1,6.0,2021.0,24.0
Garrett Wilson,WR,Ohio St.,183,4.38,36.0,NA,123,NA,4.36,1,6.0,2022.0,24.0
Perrion Winfrey,DT,Oklahoma,290,4.89,NA,NA,NA,NA,NA,4,6.333333333333333,2021.0,1.0
Perrion Winfrey,DT,Oklahoma,290,4.89,NA,NA,NA,NA,NA,4,6.333333333333333,2022.0,1.0
Jelani Woods,TE,Virginia,259,4.61,NA,24,NA,NA,NA,3,6.583333333333333,2021.0,2.0
Jelani Woods,TE,Virginia,259,4.61,NA,24,NA,NA,NA,3,6.583333333333333,2022.0,2.0
JT Woods,S,Baylor,195,4.36,39.5,NA,128,NA,NA,3,6.166666666666667,2021.0,1.0
JT Woods,S,Baylor,195,4.36,39.5,NA,128,NA,NA,3,6.166666666666667,2022.0,1.0
Mike Woods,WR,Oklahoma,204,4.55,34.5,NA,125,NA,NA,6,6.083333333333333,2021.0,0.0
Mike Woods,WR,Oklahoma,204,4.55,34.5,NA,125,NA,NA,6,6.083333333333333,2022.0,0.0
Tariq Woolen,CB,Texas-San Antonio,205,4.26,42.0,NA,NA,NA,NA,5,6.333333333333333,2021.0,0.0
Tariq Woolen,CB,Texas-San Antonio,205,4.26,42.0,NA,NA,NA,NA,5,6.333333333333333,2022.0,0.0
Alex Wright,DE,Alabama-Birmingham,271,NA,NA,15,NA,NA,NA,3,6.416666666666667,2021.0,6.0
Alex Wright,DE,Alabama-Birmingham,271,NA,NA,15,NA,NA,NA,3,6.416666666666667,2022.0,6.0
Devonte Wyatt,DT,Georgia,304,4.77,29.0,NA,111,NA,NA,1,6.25,2021.0,6.0
Devonte Wyatt,DT,Georgia,304,4.77,29.0,NA,111,NA,NA,1,6.25,2022.0,6.0
Cade York,K,LSU,206,NA,NA,12,NA,NA,NA,4,6.083333333333333,2021.0,1.0
Cade York,K,LSU,206,NA,NA,12,NA,NA,NA,4,6.083333333333333,2022.0,1.0
Nick Zakelj,OT,Fordham,316,5.13,28.5,27,110,7.75,4.71,6,6.5,2021.0,0.0
Nick Zakelj,OT,Fordham,316,5.13,28.5,27,110,7.75,4.71,6,6.5,2022.0,0.0
Bailey Zappe,QB,Western Kentucky,215,4.88,30.0,NA,109,7.19,4.40,4,6.083333333333333,2021.0,2.0
Bailey Zappe,QB,Western Kentucky,215,4.88,30.0,NA,109,7.19,4.40,4,6.083333333333333,2022.0,2.0
